Analysis & Synthesis report for DDC_Board_Project
Sun Oct  4 13:45:48 2026
Quartus Prime Version 25.1std.0 Build 1129 10/21/2025 Patches 0.02std SC Lite Edition


---------------------
; Table of Contents ;
---------------------
  1. Legal Notice
  2. Analysis & Synthesis Summary
  3. Analysis & Synthesis Settings
  4. Parallel Compilation
  5. Analysis & Synthesis Source Files Read
  6. Analysis & Synthesis Resource Usage Summary
  7. Analysis & Synthesis Resource Utilization by Entity
  8. Analysis & Synthesis RAM Summary
  9. Analysis & Synthesis DSP Block Usage Summary
 10. Analysis & Synthesis IP Cores Summary
 11. State Machine - |DDC_Board_Project|fir_lowpass:u_filter_q|state
 12. State Machine - |DDC_Board_Project|fir_lowpass:u_filter_i|state
 13. Registers Removed During Synthesis
 14. General Register Statistics
 15. Inverted Register Statistics
 16. Registers Added for RAM Pass-Through Logic
 17. Multiplexer Restructuring Statistics (Restructuring Performed)
 18. Source assignments for jtag_control:u_jtag_control|altsource_probe_top:in_system_sources_probes_0|altsource_probe:issp_impl|altsource_probe_body:altsource_probe_body_inst|altsource_probe_impl:\wider_probe_gen:wider_probe_inst
 19. Source assignments for altsyncram:capture_i_rtl_0|altsyncram_inb1:auto_generated
 20. Source assignments for altsyncram:capture_q_rtl_0|altsyncram_inb1:auto_generated
 21. Parameter Settings for User Entity Instance: jtag_control:u_jtag_control|altsource_probe_top:in_system_sources_probes_0
 22. Parameter Settings for User Entity Instance: jtag_control:u_jtag_control|altsource_probe_top:in_system_sources_probes_0|altsource_probe:issp_impl
 23. Parameter Settings for Inferred Entity Instance: altsyncram:capture_i_rtl_0
 24. Parameter Settings for Inferred Entity Instance: altsyncram:capture_q_rtl_0
 25. Parameter Settings for Inferred Entity Instance: iq_mixer:u_iq_mixer|lpm_mult:Mult0
 26. Parameter Settings for Inferred Entity Instance: iq_mixer:u_iq_mixer|lpm_mult:Mult1
 27. altsyncram Parameter Settings by Entity Instance
 28. lpm_mult Parameter Settings by Entity Instance
 29. Port Connectivity Checks: "nco_phase:u_nco_phase"
 30. Port Connectivity Checks: "jtag_control:u_jtag_control|altsource_probe_top:in_system_sources_probes_0|altsource_probe:issp_impl"
 31. Port Connectivity Checks: "jtag_control:u_jtag_control|altsource_probe_top:in_system_sources_probes_0"
 32. Port Connectivity Checks: "jtag_control:u_jtag_control"
 33. Post-Synthesis Netlist Statistics for Top Partition
 34. Elapsed Time Per Partition
 35. Analysis & Synthesis Messages



----------------
; Legal Notice ;
----------------
Copyright (C) 2025  Altera Corporation. All rights reserved.
Your use of Altera Corporation's design tools, logic functions 
and other software and tools, and any partner logic 
functions, and any output files from any of the foregoing 
(including device programming or simulation files), and any 
associated documentation or information are expressly subject 
to the terms and conditions of the Altera Program License 
Subscription Agreement, the Altera Quartus Prime License Agreement,
the Altera IP License Agreement, or other applicable license
agreement, including, without limitation, that your use is for
the sole purpose of programming logic devices manufactured by
Altera and sold by Altera or its authorized distributors.  Please
refer to the Altera Software License Subscription Agreements 
on the Quartus Prime software download page.



+------------------------------------------------------------------------------------------------------+
; Analysis & Synthesis Summary                                                                         ;
+------------------------------------+-----------------------------------------------------------------+
; Analysis & Synthesis Status        ; Successful - Sun Oct  4 13:45:48 2026                           ;
; Quartus Prime Version              ; 25.1std.0 Build 1129 10/21/2025 Patches 0.02std SC Lite Edition ;
; Revision Name                      ; DDC_Board_Project                                               ;
; Top-level Entity Name              ; DDC_Board_Project                                               ;
; Family                             ; MAX 10                                                          ;
; Total logic elements               ; 1,586                                                           ;
;     Total combinational functions  ; 1,480                                                           ;
;     Dedicated logic registers      ; 721                                                             ;
; Total registers                    ; 721                                                             ;
; Total pins                         ; 21                                                              ;
; Total virtual pins                 ; 0                                                               ;
; Total memory bits                  ; 512                                                             ;
; Embedded Multiplier 9-bit elements ; 4                                                               ;
; Total PLLs                         ; 0                                                               ;
; UFM blocks                         ; 0                                                               ;
; ADC blocks                         ; 0                                                               ;
+------------------------------------+-----------------------------------------------------------------+


+------------------------------------------------------------------------------------------------------------+
; Analysis & Synthesis Settings                                                                              ;
+------------------------------------------------------------------+--------------------+--------------------+
; Option                                                           ; Setting            ; Default Value      ;
+------------------------------------------------------------------+--------------------+--------------------+
; Device                                                           ; 10M50DAF484C7G     ;                    ;
; Top-level entity name                                            ; DDC_Board_Project  ; DDC_Board_Project  ;
; Family name                                                      ; MAX 10             ; Cyclone V          ;
; Use smart compilation                                            ; Off                ; Off                ;
; Enable parallel Assembler and Timing Analyzer during compilation ; On                 ; On                 ;
; Enable compact report table                                      ; Off                ; Off                ;
; Restructure Multiplexers                                         ; Auto               ; Auto               ;
; Create Debugging Nodes for IP Cores                              ; Off                ; Off                ;
; Preserve fewer node names                                        ; On                 ; On                 ;
; Intel FPGA IP Evaluation Mode                                    ; Enable             ; Enable             ;
; Verilog Version                                                  ; Verilog_2001       ; Verilog_2001       ;
; VHDL Version                                                     ; VHDL_1993          ; VHDL_1993          ;
; State Machine Processing                                         ; Auto               ; Auto               ;
; Safe State Machine                                               ; Off                ; Off                ;
; Extract Verilog State Machines                                   ; On                 ; On                 ;
; Extract VHDL State Machines                                      ; On                 ; On                 ;
; Ignore Verilog initial constructs                                ; Off                ; Off                ;
; Iteration limit for constant Verilog loops                       ; 5000               ; 5000               ;
; Iteration limit for non-constant Verilog loops                   ; 250                ; 250                ;
; Add Pass-Through Logic to Inferred RAMs                          ; On                 ; On                 ;
; Infer RAMs from Raw Logic                                        ; On                 ; On                 ;
; Parallel Synthesis                                               ; On                 ; On                 ;
; DSP Block Balancing                                              ; Auto               ; Auto               ;
; NOT Gate Push-Back                                               ; On                 ; On                 ;
; Power-Up Don't Care                                              ; On                 ; On                 ;
; Remove Redundant Logic Cells                                     ; Off                ; Off                ;
; Remove Duplicate Registers                                       ; On                 ; On                 ;
; Ignore CARRY Buffers                                             ; Off                ; Off                ;
; Ignore CASCADE Buffers                                           ; Off                ; Off                ;
; Ignore GLOBAL Buffers                                            ; Off                ; Off                ;
; Ignore ROW GLOBAL Buffers                                        ; Off                ; Off                ;
; Ignore LCELL Buffers                                             ; Off                ; Off                ;
; Ignore SOFT Buffers                                              ; On                 ; On                 ;
; Limit AHDL Integers to 32 Bits                                   ; Off                ; Off                ;
; Optimization Technique                                           ; Balanced           ; Balanced           ;
; Carry Chain Length                                               ; 70                 ; 70                 ;
; Auto Carry Chains                                                ; On                 ; On                 ;
; Auto Open-Drain Pins                                             ; On                 ; On                 ;
; Perform WYSIWYG Primitive Resynthesis                            ; Off                ; Off                ;
; Auto ROM Replacement                                             ; On                 ; On                 ;
; Auto RAM Replacement                                             ; On                 ; On                 ;
; Auto DSP Block Replacement                                       ; On                 ; On                 ;
; Auto Shift Register Replacement                                  ; Auto               ; Auto               ;
; Allow Shift Register Merging across Hierarchies                  ; Auto               ; Auto               ;
; Auto Clock Enable Replacement                                    ; On                 ; On                 ;
; Strict RAM Replacement                                           ; Off                ; Off                ;
; Allow Synchronous Control Signals                                ; On                 ; On                 ;
; Force Use of Synchronous Clear Signals                           ; Off                ; Off                ;
; Auto RAM Block Balancing                                         ; On                 ; On                 ;
; Auto RAM to Logic Cell Conversion                                ; Off                ; Off                ;
; Auto Resource Sharing                                            ; Off                ; Off                ;
; Allow Any RAM Size For Recognition                               ; Off                ; Off                ;
; Allow Any ROM Size For Recognition                               ; Off                ; Off                ;
; Allow Any Shift Register Size For Recognition                    ; Off                ; Off                ;
; Use LogicLock Constraints during Resource Balancing              ; On                 ; On                 ;
; Ignore translate_off and synthesis_off directives                ; Off                ; Off                ;
; Timing-Driven Synthesis                                          ; On                 ; On                 ;
; Report Parameter Settings                                        ; On                 ; On                 ;
; Report Source Assignments                                        ; On                 ; On                 ;
; Report Connectivity Checks                                       ; On                 ; On                 ;
; Ignore Maximum Fan-Out Assignments                               ; Off                ; Off                ;
; Synchronization Register Chain Length                            ; 2                  ; 2                  ;
; Power Optimization During Synthesis                              ; Normal compilation ; Normal compilation ;
; HDL message level                                                ; Level2             ; Level2             ;
; Suppress Register Optimization Related Messages                  ; Off                ; Off                ;
; Number of Removed Registers Reported in Synthesis Report         ; 5000               ; 5000               ;
; Number of Swept Nodes Reported in Synthesis Report               ; 5000               ; 5000               ;
; Number of Inverted Registers Reported in Synthesis Report        ; 100                ; 100                ;
; Clock MUX Protection                                             ; On                 ; On                 ;
; Auto Gated Clock Conversion                                      ; Off                ; Off                ;
; Block Design Naming                                              ; Auto               ; Auto               ;
; SDC constraint protection                                        ; Off                ; Off                ;
; Synthesis Effort                                                 ; Auto               ; Auto               ;
; Shift Register Replacement - Allow Asynchronous Clear Signal     ; On                 ; On                 ;
; Pre-Mapping Resynthesis Optimization                             ; Off                ; Off                ;
; Analysis & Synthesis Message Level                               ; Medium             ; Medium             ;
; Disable Register Merging Across Hierarchies                      ; Auto               ; Auto               ;
; Resource Aware Inference For Block RAM                           ; On                 ; On                 ;
+------------------------------------------------------------------+--------------------+--------------------+


+------------------------------------------+
; Parallel Compilation                     ;
+----------------------------+-------------+
; Processors                 ; Number      ;
+----------------------------+-------------+
; Number detected on machine ; 12          ;
; Maximum allowed            ; 12          ;
;                            ;             ;
; Average used               ; 1.00        ;
; Maximum used               ; 12          ;
;                            ;             ;
; Usage by Processor         ; % Time Used ;
;     Processor 1            ; 100.0%      ;
;     Processor 2            ;   0.0%      ;
;     Processor 3            ;   0.0%      ;
;     Processor 4            ;   0.0%      ;
;     Processor 5            ;   0.0%      ;
;     Processor 6            ;   0.0%      ;
;     Processor 7            ;   0.0%      ;
;     Processor 8            ;   0.0%      ;
;     Processors 9-12        ;   0.0%      ;
+----------------------------+-------------+


+---------------------------------------------------------------------------------------------------------------------------------------------------------------------------------------------------------------------------------------------------+
; Analysis & Synthesis Source Files Read                                                                                                                                                                                                            ;
+--------------------------------------------------------------------+-----------------+----------------------------------------------+----------------------------------------------------------------------------------------------+--------------+
; File Name with User-Entered Path                                   ; Used in Netlist ; File Type                                    ; File Name with Absolute Path                                                                 ; Library      ;
+--------------------------------------------------------------------+-----------------+----------------------------------------------+----------------------------------------------------------------------------------------------+--------------+
; jtag_control/synthesis/jtag_control.v                              ; yes             ; User Verilog HDL File                        ; C:/FPGA/DDC_Board_Project/jtag_control/synthesis/jtag_control.v                              ; jtag_control ;
; jtag_control/synthesis/submodules/altsource_probe_top.v            ; yes             ; User Verilog HDL File                        ; C:/FPGA/DDC_Board_Project/jtag_control/synthesis/submodules/altsource_probe_top.v            ; jtag_control ;
; DDC_Board_Project.v                                                ; yes             ; User Verilog HDL File                        ; C:/FPGA/DDC_Board_Project/DDC_Board_Project.v                                                ;              ;
; sample_tick.v                                                      ; yes             ; User Verilog HDL File                        ; C:/FPGA/DDC_Board_Project/sample_tick.v                                                      ;              ;
; output_files/test_signal.v                                         ; yes             ; User Verilog HDL File                        ; C:/FPGA/DDC_Board_Project/output_files/test_signal.v                                         ;              ;
; output_files/nco_phase.v                                           ; yes             ; User Verilog HDL File                        ; C:/FPGA/DDC_Board_Project/output_files/nco_phase.v                                           ;              ;
; output_files/nco_lut.v                                             ; yes             ; User Verilog HDL File                        ; C:/FPGA/DDC_Board_Project/output_files/nco_lut.v                                             ;              ;
; output_files/iq_mixer.v                                            ; yes             ; User Verilog HDL File                        ; C:/FPGA/DDC_Board_Project/output_files/iq_mixer.v                                            ;              ;
; output_files/fir_lowpass.v                                         ; yes             ; User Verilog HDL File                        ; C:/FPGA/DDC_Board_Project/output_files/fir_lowpass.v                                         ;              ;
; altsource_probe.v                                                  ; yes             ; Megafunction                                 ; c:/altera_lite/25.1std/quartus/libraries/megafunctions/altsource_probe.v                     ;              ;
; sld_jtag_endpoint_adapter.vhd                                      ; yes             ; Encrypted Megafunction                       ; c:/altera_lite/25.1std/quartus/libraries/megafunctions/sld_jtag_endpoint_adapter.vhd         ;              ;
; sld_jtag_endpoint_adapter_impl.sv                                  ; yes             ; Encrypted Megafunction                       ; c:/altera_lite/25.1std/quartus/libraries/megafunctions/sld_jtag_endpoint_adapter_impl.sv     ;              ;
; altsource_probe_body.vhd                                           ; yes             ; Megafunction                                 ; c:/altera_lite/25.1std/quartus/libraries/megafunctions/altsource_probe_body.vhd              ;              ;
; sld_rom_sr.vhd                                                     ; yes             ; Encrypted Megafunction                       ; c:/altera_lite/25.1std/quartus/libraries/megafunctions/sld_rom_sr.vhd                        ;              ;
; sld_hub.vhd                                                        ; yes             ; Encrypted Megafunction                       ; c:/altera_lite/25.1std/quartus/libraries/megafunctions/sld_hub.vhd                           ; altera_sld   ;
; db/ip/sld830fe34f/alt_sld_fab.v                                    ; yes             ; Encrypted Auto-Found Verilog HDL File        ; C:/FPGA/DDC_Board_Project/db/ip/sld830fe34f/alt_sld_fab.v                                    ; alt_sld_fab  ;
; db/ip/sld830fe34f/submodules/alt_sld_fab_alt_sld_fab.v             ; yes             ; Encrypted Auto-Found Verilog HDL File        ; C:/FPGA/DDC_Board_Project/db/ip/sld830fe34f/submodules/alt_sld_fab_alt_sld_fab.v             ; alt_sld_fab  ;
; db/ip/sld830fe34f/submodules/alt_sld_fab_alt_sld_fab_ident.sv      ; yes             ; Auto-Found SystemVerilog HDL File            ; C:/FPGA/DDC_Board_Project/db/ip/sld830fe34f/submodules/alt_sld_fab_alt_sld_fab_ident.sv      ; alt_sld_fab  ;
; db/ip/sld830fe34f/submodules/alt_sld_fab_alt_sld_fab_presplit.sv   ; yes             ; Encrypted Auto-Found SystemVerilog HDL File  ; C:/FPGA/DDC_Board_Project/db/ip/sld830fe34f/submodules/alt_sld_fab_alt_sld_fab_presplit.sv   ; alt_sld_fab  ;
; db/ip/sld830fe34f/submodules/alt_sld_fab_alt_sld_fab_sldfabric.vhd ; yes             ; Encrypted Auto-Found VHDL File               ; C:/FPGA/DDC_Board_Project/db/ip/sld830fe34f/submodules/alt_sld_fab_alt_sld_fab_sldfabric.vhd ; alt_sld_fab  ;
; db/ip/sld830fe34f/submodules/alt_sld_fab_alt_sld_fab_splitter.sv   ; yes             ; Encrypted Auto-Found SystemVerilog HDL File  ; C:/FPGA/DDC_Board_Project/db/ip/sld830fe34f/submodules/alt_sld_fab_alt_sld_fab_splitter.sv   ; alt_sld_fab  ;
; sld_jtag_hub.vhd                                                   ; yes             ; Encrypted Megafunction                       ; c:/altera_lite/25.1std/quartus/libraries/megafunctions/sld_jtag_hub.vhd                      ;              ;
; altsyncram.tdf                                                     ; yes             ; Megafunction                                 ; c:/altera_lite/25.1std/quartus/libraries/megafunctions/altsyncram.tdf                        ;              ;
; stratix_ram_block.inc                                              ; yes             ; Megafunction                                 ; c:/altera_lite/25.1std/quartus/libraries/megafunctions/stratix_ram_block.inc                 ;              ;
; lpm_mux.inc                                                        ; yes             ; Megafunction                                 ; c:/altera_lite/25.1std/quartus/libraries/megafunctions/lpm_mux.inc                           ;              ;
; lpm_decode.inc                                                     ; yes             ; Megafunction                                 ; c:/altera_lite/25.1std/quartus/libraries/megafunctions/lpm_decode.inc                        ;              ;
; aglobal251.inc                                                     ; yes             ; Megafunction                                 ; c:/altera_lite/25.1std/quartus/libraries/megafunctions/aglobal251.inc                        ;              ;
; a_rdenreg.inc                                                      ; yes             ; Megafunction                                 ; c:/altera_lite/25.1std/quartus/libraries/megafunctions/a_rdenreg.inc                         ;              ;
; altrom.inc                                                         ; yes             ; Megafunction                                 ; c:/altera_lite/25.1std/quartus/libraries/megafunctions/altrom.inc                            ;              ;
; altram.inc                                                         ; yes             ; Megafunction                                 ; c:/altera_lite/25.1std/quartus/libraries/megafunctions/altram.inc                            ;              ;
; altdpram.inc                                                       ; yes             ; Megafunction                                 ; c:/altera_lite/25.1std/quartus/libraries/megafunctions/altdpram.inc                          ;              ;
; db/altsyncram_inb1.tdf                                             ; yes             ; Auto-Generated Megafunction                  ; C:/FPGA/DDC_Board_Project/db/altsyncram_inb1.tdf                                             ;              ;
; lpm_mult.tdf                                                       ; yes             ; Megafunction                                 ; c:/altera_lite/25.1std/quartus/libraries/megafunctions/lpm_mult.tdf                          ;              ;
; lpm_add_sub.inc                                                    ; yes             ; Megafunction                                 ; c:/altera_lite/25.1std/quartus/libraries/megafunctions/lpm_add_sub.inc                       ;              ;
; multcore.inc                                                       ; yes             ; Megafunction                                 ; c:/altera_lite/25.1std/quartus/libraries/megafunctions/multcore.inc                          ;              ;
; bypassff.inc                                                       ; yes             ; Megafunction                                 ; c:/altera_lite/25.1std/quartus/libraries/megafunctions/bypassff.inc                          ;              ;
; altshift.inc                                                       ; yes             ; Megafunction                                 ; c:/altera_lite/25.1std/quartus/libraries/megafunctions/altshift.inc                          ;              ;
; db/mult_ngs.tdf                                                    ; yes             ; Auto-Generated Megafunction                  ; C:/FPGA/DDC_Board_Project/db/mult_ngs.tdf                                                    ;              ;
; db/altsyncram_cnb1.tdf                                             ; yes             ; Auto-Generated Megafunction                  ; C:/FPGA/DDC_Board_Project/db/altsyncram_cnb1.tdf                                             ;              ;
+--------------------------------------------------------------------+-----------------+----------------------------------------------+----------------------------------------------------------------------------------------------+--------------+


+-------------------------------------------------------------------+
; Analysis & Synthesis Resource Usage Summary                       ;
+---------------------------------------------+---------------------+
; Resource                                    ; Usage               ;
+---------------------------------------------+---------------------+
; Estimated Total logic elements              ; 1,586               ;
;                                             ;                     ;
; Total combinational functions               ; 1480                ;
; Logic element usage by number of LUT inputs ;                     ;
;     -- 4 input functions                    ; 605                 ;
;     -- 3 input functions                    ; 348                 ;
;     -- <=2 input functions                  ; 527                 ;
;                                             ;                     ;
; Logic elements by mode                      ;                     ;
;     -- normal mode                          ; 1131                ;
;     -- arithmetic mode                      ; 349                 ;
;                                             ;                     ;
; Total registers                             ; 721                 ;
;     -- Dedicated logic registers            ; 721                 ;
;     -- I/O registers                        ; 0                   ;
;                                             ;                     ;
; I/O pins                                    ; 21                  ;
; Total memory bits                           ; 512                 ;
;                                             ;                     ;
; Embedded Multiplier 9-bit elements          ; 4                   ;
;                                             ;                     ;
; Maximum fan-out node                        ; MAX10_CLK1_50~input ;
; Maximum fan-out                             ; 640                 ;
; Total fan-out                               ; 7353                ;
; Average fan-out                             ; 3.21                ;
+---------------------------------------------+---------------------+


+-----------------------------------------------------------------------------------------------------------------------------------------------------------------------------------------------------------------------------------------------------------------------------------------------------------------------------------------------------------------------------------------------------------------------------------------------------------------------------------------------------------------------------------------------------------------------------------------------------------------------------------------------------------------------------------------------------------------+
; Analysis & Synthesis Resource Utilization by Entity                                                                                                                                                                                                                                                                                                                                                                                                                                                                                                                                                                                                                                                             ;
+-----------------------------------------------------------------------------------------------------------------------------------------+---------------------+---------------------------+-------------+------------+--------------+---------+-----------+------+--------------+------------+---------------------------------------------------------------------------------------------------------------------------------------------------------------------------------------------------------------------------------------------------------------------------------------------------------------------------------------------------------------+-----------------------------------+--------------+
; Compilation Hierarchy Node                                                                                                              ; Combinational ALUTs ; Dedicated Logic Registers ; Memory Bits ; UFM Blocks ; DSP Elements ; DSP 9x9 ; DSP 18x18 ; Pins ; Virtual Pins ; ADC blocks ; Full Hierarchy Name                                                                                                                                                                                                                                                                                                                                           ; Entity Name                       ; Library Name ;
+-----------------------------------------------------------------------------------------------------------------------------------------+---------------------+---------------------------+-------------+------------+--------------+---------+-----------+------+--------------+------------+---------------------------------------------------------------------------------------------------------------------------------------------------------------------------------------------------------------------------------------------------------------------------------------------------------------------------------------------------------------+-----------------------------------+--------------+
; |DDC_Board_Project                                                                                                                      ; 1480 (24)           ; 721 (62)                  ; 512         ; 0          ; 4            ; 0       ; 2         ; 21   ; 0            ; 0          ; |DDC_Board_Project                                                                                                                                                                                                                                                                                                                                            ; DDC_Board_Project                 ; work         ;
;    |altsyncram:capture_i_rtl_0|                                                                                                         ; 0 (0)               ; 0 (0)                     ; 256         ; 0          ; 0            ; 0       ; 0         ; 0    ; 0            ; 0          ; |DDC_Board_Project|altsyncram:capture_i_rtl_0                                                                                                                                                                                                                                                                                                                 ; altsyncram                        ; work         ;
;       |altsyncram_inb1:auto_generated|                                                                                                  ; 0 (0)               ; 0 (0)                     ; 256         ; 0          ; 0            ; 0       ; 0         ; 0    ; 0            ; 0          ; |DDC_Board_Project|altsyncram:capture_i_rtl_0|altsyncram_inb1:auto_generated                                                                                                                                                                                                                                                                                  ; altsyncram_inb1                   ; work         ;
;    |altsyncram:capture_q_rtl_0|                                                                                                         ; 0 (0)               ; 0 (0)                     ; 256         ; 0          ; 0            ; 0       ; 0         ; 0    ; 0            ; 0          ; |DDC_Board_Project|altsyncram:capture_q_rtl_0                                                                                                                                                                                                                                                                                                                 ; altsyncram                        ; work         ;
;       |altsyncram_inb1:auto_generated|                                                                                                  ; 0 (0)               ; 0 (0)                     ; 256         ; 0          ; 0            ; 0       ; 0         ; 0    ; 0            ; 0          ; |DDC_Board_Project|altsyncram:capture_q_rtl_0|altsyncram_inb1:auto_generated                                                                                                                                                                                                                                                                                  ; altsyncram_inb1                   ; work         ;
;    |fir_lowpass:u_filter_i|                                                                                                             ; 510 (510)           ; 262 (262)                 ; 0           ; 0          ; 0            ; 0       ; 0         ; 0    ; 0            ; 0          ; |DDC_Board_Project|fir_lowpass:u_filter_i                                                                                                                                                                                                                                                                                                                     ; fir_lowpass                       ; work         ;
;    |fir_lowpass:u_filter_q|                                                                                                             ; 488 (488)           ; 246 (246)                 ; 0           ; 0          ; 0            ; 0       ; 0         ; 0    ; 0            ; 0          ; |DDC_Board_Project|fir_lowpass:u_filter_q                                                                                                                                                                                                                                                                                                                     ; fir_lowpass                       ; work         ;
;    |iq_mixer:u_iq_mixer|                                                                                                                ; 0 (0)               ; 0 (0)                     ; 0           ; 0          ; 4            ; 0       ; 2         ; 0    ; 0            ; 0          ; |DDC_Board_Project|iq_mixer:u_iq_mixer                                                                                                                                                                                                                                                                                                                        ; iq_mixer                          ; work         ;
;       |lpm_mult:Mult0|                                                                                                                  ; 0 (0)               ; 0 (0)                     ; 0           ; 0          ; 2            ; 0       ; 1         ; 0    ; 0            ; 0          ; |DDC_Board_Project|iq_mixer:u_iq_mixer|lpm_mult:Mult0                                                                                                                                                                                                                                                                                                         ; lpm_mult                          ; work         ;
;          |mult_ngs:auto_generated|                                                                                                      ; 0 (0)               ; 0 (0)                     ; 0           ; 0          ; 2            ; 0       ; 1         ; 0    ; 0            ; 0          ; |DDC_Board_Project|iq_mixer:u_iq_mixer|lpm_mult:Mult0|mult_ngs:auto_generated                                                                                                                                                                                                                                                                                 ; mult_ngs                          ; work         ;
;       |lpm_mult:Mult1|                                                                                                                  ; 0 (0)               ; 0 (0)                     ; 0           ; 0          ; 2            ; 0       ; 1         ; 0    ; 0            ; 0          ; |DDC_Board_Project|iq_mixer:u_iq_mixer|lpm_mult:Mult1                                                                                                                                                                                                                                                                                                         ; lpm_mult                          ; work         ;
;          |mult_ngs:auto_generated|                                                                                                      ; 0 (0)               ; 0 (0)                     ; 0           ; 0          ; 2            ; 0       ; 1         ; 0    ; 0            ; 0          ; |DDC_Board_Project|iq_mixer:u_iq_mixer|lpm_mult:Mult1|mult_ngs:auto_generated                                                                                                                                                                                                                                                                                 ; mult_ngs                          ; work         ;
;    |jtag_control:u_jtag_control|                                                                                                        ; 91 (0)              ; 55 (0)                    ; 0           ; 0          ; 0            ; 0       ; 0         ; 0    ; 0            ; 0          ; |DDC_Board_Project|jtag_control:u_jtag_control                                                                                                                                                                                                                                                                                                                ; jtag_control                      ; jtag_control ;
;       |altsource_probe_top:in_system_sources_probes_0|                                                                                  ; 91 (0)              ; 55 (0)                    ; 0           ; 0          ; 0            ; 0       ; 0         ; 0    ; 0            ; 0          ; |DDC_Board_Project|jtag_control:u_jtag_control|altsource_probe_top:in_system_sources_probes_0                                                                                                                                                                                                                                                                 ; altsource_probe_top               ; jtag_control ;
;          |altsource_probe:issp_impl|                                                                                                    ; 91 (0)              ; 55 (0)                    ; 0           ; 0          ; 0            ; 0       ; 0         ; 0    ; 0            ; 0          ; |DDC_Board_Project|jtag_control:u_jtag_control|altsource_probe_top:in_system_sources_probes_0|altsource_probe:issp_impl                                                                                                                                                                                                                                       ; altsource_probe                   ; work         ;
;             |altsource_probe_body:altsource_probe_body_inst|                                                                            ; 91 (3)              ; 55 (0)                    ; 0           ; 0          ; 0            ; 0       ; 0         ; 0    ; 0            ; 0          ; |DDC_Board_Project|jtag_control:u_jtag_control|altsource_probe_top:in_system_sources_probes_0|altsource_probe:issp_impl|altsource_probe_body:altsource_probe_body_inst                                                                                                                                                                                        ; altsource_probe_body              ; work         ;
;                |altsource_probe_impl:\wider_probe_gen:wider_probe_inst|                                                                 ; 88 (70)             ; 55 (47)                   ; 0           ; 0          ; 0            ; 0       ; 0         ; 0    ; 0            ; 0          ; |DDC_Board_Project|jtag_control:u_jtag_control|altsource_probe_top:in_system_sources_probes_0|altsource_probe:issp_impl|altsource_probe_body:altsource_probe_body_inst|altsource_probe_impl:\wider_probe_gen:wider_probe_inst                                                                                                                                 ; altsource_probe_impl              ; work         ;
;                   |sld_rom_sr:\instance_id_gen:rom_info_inst|                                                                           ; 18 (18)             ; 8 (8)                     ; 0           ; 0          ; 0            ; 0       ; 0         ; 0    ; 0            ; 0          ; |DDC_Board_Project|jtag_control:u_jtag_control|altsource_probe_top:in_system_sources_probes_0|altsource_probe:issp_impl|altsource_probe_body:altsource_probe_body_inst|altsource_probe_impl:\wider_probe_gen:wider_probe_inst|sld_rom_sr:\instance_id_gen:rom_info_inst                                                                                       ; sld_rom_sr                        ; work         ;
;    |nco_lut:u_nco_lut|                                                                                                                  ; 210 (210)           ; 0 (0)                     ; 0           ; 0          ; 0            ; 0       ; 0         ; 0    ; 0            ; 0          ; |DDC_Board_Project|nco_lut:u_nco_lut                                                                                                                                                                                                                                                                                                                          ; nco_lut                           ; work         ;
;    |nco_phase:u_nco_phase|                                                                                                              ; 15 (15)             ; 6 (6)                     ; 0           ; 0          ; 0            ; 0       ; 0         ; 0    ; 0            ; 0          ; |DDC_Board_Project|nco_phase:u_nco_phase                                                                                                                                                                                                                                                                                                                      ; nco_phase                         ; work         ;
;    |sample_tick:u_sample_tick|                                                                                                          ; 15 (15)             ; 9 (9)                     ; 0           ; 0          ; 0            ; 0       ; 0         ; 0    ; 0            ; 0          ; |DDC_Board_Project|sample_tick:u_sample_tick                                                                                                                                                                                                                                                                                                                  ; sample_tick                       ; work         ;
;    |sld_hub:auto_hub|                                                                                                                   ; 117 (1)             ; 78 (0)                    ; 0           ; 0          ; 0            ; 0       ; 0         ; 0    ; 0            ; 0          ; |DDC_Board_Project|sld_hub:auto_hub                                                                                                                                                                                                                                                                                                                           ; sld_hub                           ; altera_sld   ;
;       |alt_sld_fab_with_jtag_input:\instrumentation_fabric_with_node_gen:fabric_gen_new_way:with_jtag_input_gen:instrumentation_fabric| ; 116 (0)             ; 78 (0)                    ; 0           ; 0          ; 0            ; 0       ; 0         ; 0    ; 0            ; 0          ; |DDC_Board_Project|sld_hub:auto_hub|alt_sld_fab_with_jtag_input:\instrumentation_fabric_with_node_gen:fabric_gen_new_way:with_jtag_input_gen:instrumentation_fabric                                                                                                                                                                                           ; alt_sld_fab_with_jtag_input       ; altera_sld   ;
;          |alt_sld_fab:instrumentation_fabric|                                                                                           ; 116 (0)             ; 78 (0)                    ; 0           ; 0          ; 0            ; 0       ; 0         ; 0    ; 0            ; 0          ; |DDC_Board_Project|sld_hub:auto_hub|alt_sld_fab_with_jtag_input:\instrumentation_fabric_with_node_gen:fabric_gen_new_way:with_jtag_input_gen:instrumentation_fabric|alt_sld_fab:instrumentation_fabric                                                                                                                                                        ; alt_sld_fab                       ; alt_sld_fab  ;
;             |alt_sld_fab_alt_sld_fab:alt_sld_fab|                                                                                       ; 116 (1)             ; 78 (5)                    ; 0           ; 0          ; 0            ; 0       ; 0         ; 0    ; 0            ; 0          ; |DDC_Board_Project|sld_hub:auto_hub|alt_sld_fab_with_jtag_input:\instrumentation_fabric_with_node_gen:fabric_gen_new_way:with_jtag_input_gen:instrumentation_fabric|alt_sld_fab:instrumentation_fabric|alt_sld_fab_alt_sld_fab:alt_sld_fab                                                                                                                    ; alt_sld_fab_alt_sld_fab           ; alt_sld_fab  ;
;                |alt_sld_fab_alt_sld_fab_sldfabric:sldfabric|                                                                            ; 115 (0)             ; 73 (0)                    ; 0           ; 0          ; 0            ; 0       ; 0         ; 0    ; 0            ; 0          ; |DDC_Board_Project|sld_hub:auto_hub|alt_sld_fab_with_jtag_input:\instrumentation_fabric_with_node_gen:fabric_gen_new_way:with_jtag_input_gen:instrumentation_fabric|alt_sld_fab:instrumentation_fabric|alt_sld_fab_alt_sld_fab:alt_sld_fab|alt_sld_fab_alt_sld_fab_sldfabric:sldfabric                                                                        ; alt_sld_fab_alt_sld_fab_sldfabric ; alt_sld_fab  ;
;                   |sld_jtag_hub:\jtag_hub_gen:real_sld_jtag_hub|                                                                        ; 115 (78)            ; 73 (45)                   ; 0           ; 0          ; 0            ; 0       ; 0         ; 0    ; 0            ; 0          ; |DDC_Board_Project|sld_hub:auto_hub|alt_sld_fab_with_jtag_input:\instrumentation_fabric_with_node_gen:fabric_gen_new_way:with_jtag_input_gen:instrumentation_fabric|alt_sld_fab:instrumentation_fabric|alt_sld_fab_alt_sld_fab:alt_sld_fab|alt_sld_fab_alt_sld_fab_sldfabric:sldfabric|sld_jtag_hub:\jtag_hub_gen:real_sld_jtag_hub                           ; sld_jtag_hub                      ; work         ;
;                      |sld_rom_sr:hub_info_reg|                                                                                          ; 19 (19)             ; 9 (9)                     ; 0           ; 0          ; 0            ; 0       ; 0         ; 0    ; 0            ; 0          ; |DDC_Board_Project|sld_hub:auto_hub|alt_sld_fab_with_jtag_input:\instrumentation_fabric_with_node_gen:fabric_gen_new_way:with_jtag_input_gen:instrumentation_fabric|alt_sld_fab:instrumentation_fabric|alt_sld_fab_alt_sld_fab:alt_sld_fab|alt_sld_fab_alt_sld_fab_sldfabric:sldfabric|sld_jtag_hub:\jtag_hub_gen:real_sld_jtag_hub|sld_rom_sr:hub_info_reg   ; sld_rom_sr                        ; work         ;
;                      |sld_shadow_jsm:shadow_jsm|                                                                                        ; 18 (18)             ; 19 (19)                   ; 0           ; 0          ; 0            ; 0       ; 0         ; 0    ; 0            ; 0          ; |DDC_Board_Project|sld_hub:auto_hub|alt_sld_fab_with_jtag_input:\instrumentation_fabric_with_node_gen:fabric_gen_new_way:with_jtag_input_gen:instrumentation_fabric|alt_sld_fab:instrumentation_fabric|alt_sld_fab_alt_sld_fab:alt_sld_fab|alt_sld_fab_alt_sld_fab_sldfabric:sldfabric|sld_jtag_hub:\jtag_hub_gen:real_sld_jtag_hub|sld_shadow_jsm:shadow_jsm ; sld_shadow_jsm                    ; altera_sld   ;
;    |test_signal:u_test_signal|                                                                                                          ; 10 (10)             ; 3 (3)                     ; 0           ; 0          ; 0            ; 0       ; 0         ; 0    ; 0            ; 0          ; |DDC_Board_Project|test_signal:u_test_signal                                                                                                                                                                                                                                                                                                                  ; test_signal                       ; work         ;
+-----------------------------------------------------------------------------------------------------------------------------------------+---------------------+---------------------------+-------------+------------+--------------+---------+-----------+------+--------------+------------+---------------------------------------------------------------------------------------------------------------------------------------------------------------------------------------------------------------------------------------------------------------------------------------------------------------------------------------------------------------+-----------------------------------+--------------+
Note: For table entries with two numbers listed, the numbers in parentheses indicate the number of resources of the given type used by the specific entity alone. The numbers listed outside of parentheses indicate the total resources of the given type used by the specific entity and all of its sub-entities in the hierarchy.


+--------------------------------------------------------------------------------------------------------------------------------------------------------------------------+
; Analysis & Synthesis RAM Summary                                                                                                                                         ;
+----------------------------------------------------------------------+------+------------------+--------------+--------------+--------------+--------------+------+------+
; Name                                                                 ; Type ; Mode             ; Port A Depth ; Port A Width ; Port B Depth ; Port B Width ; Size ; MIF  ;
+----------------------------------------------------------------------+------+------------------+--------------+--------------+--------------+--------------+------+------+
; altsyncram:capture_i_rtl_0|altsyncram_inb1:auto_generated|ALTSYNCRAM ; AUTO ; Simple Dual Port ; 16           ; 16           ; 16           ; 16           ; 256  ; None ;
; altsyncram:capture_q_rtl_0|altsyncram_inb1:auto_generated|ALTSYNCRAM ; AUTO ; Simple Dual Port ; 16           ; 16           ; 16           ; 16           ; 256  ; None ;
+----------------------------------------------------------------------+------+------------------+--------------+--------------+--------------+--------------+------+------+


+-----------------------------------------------------+
; Analysis & Synthesis DSP Block Usage Summary        ;
+---------------------------------------+-------------+
; Statistic                             ; Number Used ;
+---------------------------------------+-------------+
; Simple Multipliers (9-bit)            ; 0           ;
; Simple Multipliers (18-bit)           ; 2           ;
; Embedded Multiplier Blocks            ; --          ;
; Embedded Multiplier 9-bit elements    ; 4           ;
; Signed Embedded Multipliers           ; 2           ;
; Unsigned Embedded Multipliers         ; 0           ;
; Mixed Sign Embedded Multipliers       ; 0           ;
; Variable Sign Embedded Multipliers    ; 0           ;
; Dedicated Input Shift Register Chains ; 0           ;
+---------------------------------------+-------------+
Note: number of Embedded Multiplier Blocks used is only available after a successful fit.


+-----------------------------------------------------------------------------------------------------------------------------------------------------------------------------------------------------------------------------------------------------------------------------------------------------------------------------------------------------------------------------------------------+
; Analysis & Synthesis IP Cores Summary                                                                                                                                                                                                                                                                                                                                                         ;
+--------+---------------------------------+---------+--------------+--------------+----------------------------------------------------------------------------------------------------------------------------------------------------------------------------------------------------------------------------------------------------------------------------------------+-------------------+
; Vendor ; IP Core Name                    ; Version ; Release Date ; License Type ; Entity Instance                                                                                                                                                                                                                                                                        ; IP Include File   ;
+--------+---------------------------------+---------+--------------+--------------+----------------------------------------------------------------------------------------------------------------------------------------------------------------------------------------------------------------------------------------------------------------------------------------+-------------------+
; Altera ; Signal Tap                      ; N/A     ; N/A          ; Licensed     ; |DDC_Board_Project|sld_hub:auto_hub|alt_sld_fab_with_jtag_input:\instrumentation_fabric_with_node_gen:fabric_gen_new_way:with_jtag_input_gen:instrumentation_fabric|alt_sld_fab:instrumentation_fabric                                                                                 ;                   ;
; Altera ; Signal Tap                      ; N/A     ; N/A          ; Licensed     ; |DDC_Board_Project|sld_hub:auto_hub|alt_sld_fab_with_jtag_input:\instrumentation_fabric_with_node_gen:fabric_gen_new_way:with_jtag_input_gen:instrumentation_fabric|alt_sld_fab:instrumentation_fabric|alt_sld_fab_alt_sld_fab:alt_sld_fab                                             ;                   ;
; Altera ; Signal Tap                      ; N/A     ; N/A          ; Licensed     ; |DDC_Board_Project|sld_hub:auto_hub|alt_sld_fab_with_jtag_input:\instrumentation_fabric_with_node_gen:fabric_gen_new_way:with_jtag_input_gen:instrumentation_fabric|alt_sld_fab:instrumentation_fabric|alt_sld_fab_alt_sld_fab:alt_sld_fab|alt_sld_fab_alt_sld_fab_presplit:presplit   ;                   ;
; Altera ; Signal Tap                      ; N/A     ; N/A          ; Licensed     ; |DDC_Board_Project|sld_hub:auto_hub|alt_sld_fab_with_jtag_input:\instrumentation_fabric_with_node_gen:fabric_gen_new_way:with_jtag_input_gen:instrumentation_fabric|alt_sld_fab:instrumentation_fabric|alt_sld_fab_alt_sld_fab:alt_sld_fab|alt_sld_fab_alt_sld_fab_sldfabric:sldfabric ;                   ;
; Altera ; Signal Tap                      ; N/A     ; N/A          ; Licensed     ; |DDC_Board_Project|sld_hub:auto_hub|alt_sld_fab_with_jtag_input:\instrumentation_fabric_with_node_gen:fabric_gen_new_way:with_jtag_input_gen:instrumentation_fabric|alt_sld_fab:instrumentation_fabric|alt_sld_fab_alt_sld_fab:alt_sld_fab|alt_sld_fab_alt_sld_fab_splitter:splitter   ;                   ;
; N/A    ; altera_in_system_sources_probes ; 25.1    ; N/A          ; N/A          ; |DDC_Board_Project|jtag_control:u_jtag_control                                                                                                                                                                                                                                         ; jtag_control.qsys ;
+--------+---------------------------------+---------+--------------+--------------+----------------------------------------------------------------------------------------------------------------------------------------------------------------------------------------------------------------------------------------------------------------------------------------+-------------------+


Encoding Type:  One-Hot
+----------------------------------------------------------------------------------+
; State Machine - |DDC_Board_Project|fir_lowpass:u_filter_q|state                  ;
+--------------+--------------+------------+-----------+------------+--------------+
; Name         ; state.DIVIDE ; state.PREP ; state.SUM ; state.IDLE ; state.FINISH ;
+--------------+--------------+------------+-----------+------------+--------------+
; state.IDLE   ; 0            ; 0          ; 0         ; 0          ; 0            ;
; state.SUM    ; 0            ; 0          ; 1         ; 1          ; 0            ;
; state.PREP   ; 0            ; 1          ; 0         ; 1          ; 0            ;
; state.DIVIDE ; 1            ; 0          ; 0         ; 1          ; 0            ;
; state.FINISH ; 0            ; 0          ; 0         ; 1          ; 1            ;
+--------------+--------------+------------+-----------+------------+--------------+


Encoding Type:  One-Hot
+----------------------------------------------------------------------------------+
; State Machine - |DDC_Board_Project|fir_lowpass:u_filter_i|state                  ;
+--------------+--------------+------------+-----------+------------+--------------+
; Name         ; state.DIVIDE ; state.PREP ; state.SUM ; state.IDLE ; state.FINISH ;
+--------------+--------------+------------+-----------+------------+--------------+
; state.IDLE   ; 0            ; 0          ; 0         ; 0          ; 0            ;
; state.SUM    ; 0            ; 0          ; 1         ; 1          ; 0            ;
; state.PREP   ; 0            ; 1          ; 0         ; 1          ; 0            ;
; state.DIVIDE ; 1            ; 0          ; 0         ; 1          ; 0            ;
; state.FINISH ; 0            ; 0          ; 0         ; 1          ; 1            ;
+--------------+--------------+------------+-----------+------------+--------------+


+------------------------------------------------------------------------------------------+
; Registers Removed During Synthesis                                                       ;
+----------------------------------------+-------------------------------------------------+
; Register name                          ; Reason for Removal                              ;
+----------------------------------------+-------------------------------------------------+
; nco_phase:u_nco_phase|phase[0]         ; Stuck at GND due to stuck port data_in          ;
; fir_lowpass:u_filter_q|state~7         ; Lost fanout                                     ;
; fir_lowpass:u_filter_q|state~8         ; Lost fanout                                     ;
; fir_lowpass:u_filter_i|state~7         ; Lost fanout                                     ;
; fir_lowpass:u_filter_i|state~8         ; Lost fanout                                     ;
; fir_lowpass:u_filter_q|output_valid    ; Merged with fir_lowpass:u_filter_i|output_valid ;
; fir_lowpass:u_filter_q|state.FINISH    ; Merged with fir_lowpass:u_filter_i|state.FINISH ;
; fir_lowpass:u_filter_q|bits_left[0]    ; Merged with fir_lowpass:u_filter_i|bits_left[0] ;
; fir_lowpass:u_filter_q|bits_left[1]    ; Merged with fir_lowpass:u_filter_i|bits_left[1] ;
; fir_lowpass:u_filter_q|bits_left[2]    ; Merged with fir_lowpass:u_filter_i|bits_left[2] ;
; fir_lowpass:u_filter_q|bits_left[3]    ; Merged with fir_lowpass:u_filter_i|bits_left[3] ;
; fir_lowpass:u_filter_q|bits_left[4]    ; Merged with fir_lowpass:u_filter_i|bits_left[4] ;
; fir_lowpass:u_filter_q|bits_left[5]    ; Merged with fir_lowpass:u_filter_i|bits_left[5] ;
; fir_lowpass:u_filter_q|state.DIVIDE    ; Merged with fir_lowpass:u_filter_i|state.DIVIDE ;
; fir_lowpass:u_filter_q|tap_index[0]    ; Merged with fir_lowpass:u_filter_i|tap_index[0] ;
; fir_lowpass:u_filter_q|tap_index[1]    ; Merged with fir_lowpass:u_filter_i|tap_index[1] ;
; fir_lowpass:u_filter_q|tap_index[2]    ; Merged with fir_lowpass:u_filter_i|tap_index[2] ;
; fir_lowpass:u_filter_q|tap_index[3]    ; Merged with fir_lowpass:u_filter_i|tap_index[3] ;
; fir_lowpass:u_filter_q|state.SUM       ; Merged with fir_lowpass:u_filter_i|state.SUM    ;
; fir_lowpass:u_filter_q|state.IDLE      ; Merged with fir_lowpass:u_filter_i|state.IDLE   ;
; fir_lowpass:u_filter_q|state.PREP      ; Merged with fir_lowpass:u_filter_i|state.PREP   ;
; Total Number of Removed Registers = 21 ;                                                 ;
+----------------------------------------+-------------------------------------------------+


+------------------------------------------------------+
; General Register Statistics                          ;
+----------------------------------------------+-------+
; Statistic                                    ; Value ;
+----------------------------------------------+-------+
; Total registers                              ; 721   ;
; Number of registers using Synchronous Clear  ; 274   ;
; Number of registers using Synchronous Load   ; 81    ;
; Number of registers using Asynchronous Clear ; 42    ;
; Number of registers using Asynchronous Load  ; 0     ;
; Number of registers using Clock Enable       ; 542   ;
; Number of registers using Preset             ; 0     ;
+----------------------------------------------+-------+


+-------------------------------------------------------------------------------------------------------------------------------------------------------------------------------------------------------------------------------------------------------------------------------------------------------------------------------------------+
; Inverted Register Statistics                                                                                                                                                                                                                                                                                                              ;
+---------------------------------------------------------------------------------------------------------------------------------------------------------------------------------------------------------------------------------------------------------------------------------------------------------------------------------+---------+
; Inverted Register                                                                                                                                                                                                                                                                                                               ; Fan out ;
+---------------------------------------------------------------------------------------------------------------------------------------------------------------------------------------------------------------------------------------------------------------------------------------------------------------------------------+---------+
; sld_hub:auto_hub|alt_sld_fab_with_jtag_input:\instrumentation_fabric_with_node_gen:fabric_gen_new_way:with_jtag_input_gen:instrumentation_fabric|alt_sld_fab:instrumentation_fabric|alt_sld_fab_alt_sld_fab:alt_sld_fab|alt_sld_fab_alt_sld_fab_sldfabric:sldfabric|sld_jtag_hub:\jtag_hub_gen:real_sld_jtag_hub|jtag_ir_reg[2] ; 2       ;
; sld_hub:auto_hub|alt_sld_fab_with_jtag_input:\instrumentation_fabric_with_node_gen:fabric_gen_new_way:with_jtag_input_gen:instrumentation_fabric|alt_sld_fab:instrumentation_fabric|alt_sld_fab_alt_sld_fab:alt_sld_fab|alt_sld_fab_alt_sld_fab_sldfabric:sldfabric|sld_jtag_hub:\jtag_hub_gen:real_sld_jtag_hub|jtag_ir_reg[1] ; 3       ;
; Total number of inverted registers = 2                                                                                                                                                                                                                                                                                          ;         ;
+---------------------------------------------------------------------------------------------------------------------------------------------------------------------------------------------------------------------------------------------------------------------------------------------------------------------------------+---------+


+----------------------------------------------+
; Registers Added for RAM Pass-Through Logic   ;
+----------------------------+-----------------+
; Register Name              ; RAM Name        ;
+----------------------------+-----------------+
; capture_i_rtl_0_bypass[0]  ; capture_i_rtl_0 ;
; capture_i_rtl_0_bypass[1]  ; capture_i_rtl_0 ;
; capture_i_rtl_0_bypass[2]  ; capture_i_rtl_0 ;
; capture_i_rtl_0_bypass[3]  ; capture_i_rtl_0 ;
; capture_i_rtl_0_bypass[4]  ; capture_i_rtl_0 ;
; capture_i_rtl_0_bypass[5]  ; capture_i_rtl_0 ;
; capture_i_rtl_0_bypass[6]  ; capture_i_rtl_0 ;
; capture_i_rtl_0_bypass[7]  ; capture_i_rtl_0 ;
; capture_i_rtl_0_bypass[8]  ; capture_i_rtl_0 ;
; capture_i_rtl_0_bypass[9]  ; capture_i_rtl_0 ;
; capture_i_rtl_0_bypass[10] ; capture_i_rtl_0 ;
; capture_i_rtl_0_bypass[11] ; capture_i_rtl_0 ;
; capture_i_rtl_0_bypass[12] ; capture_i_rtl_0 ;
; capture_i_rtl_0_bypass[13] ; capture_i_rtl_0 ;
; capture_i_rtl_0_bypass[14] ; capture_i_rtl_0 ;
; capture_i_rtl_0_bypass[15] ; capture_i_rtl_0 ;
; capture_i_rtl_0_bypass[16] ; capture_i_rtl_0 ;
; capture_i_rtl_0_bypass[17] ; capture_i_rtl_0 ;
; capture_i_rtl_0_bypass[18] ; capture_i_rtl_0 ;
; capture_i_rtl_0_bypass[19] ; capture_i_rtl_0 ;
; capture_i_rtl_0_bypass[20] ; capture_i_rtl_0 ;
; capture_i_rtl_0_bypass[21] ; capture_i_rtl_0 ;
; capture_i_rtl_0_bypass[22] ; capture_i_rtl_0 ;
; capture_i_rtl_0_bypass[23] ; capture_i_rtl_0 ;
; capture_i_rtl_0_bypass[24] ; capture_i_rtl_0 ;
; capture_q_rtl_0_bypass[0]  ; capture_q_rtl_0 ;
; capture_q_rtl_0_bypass[1]  ; capture_q_rtl_0 ;
; capture_q_rtl_0_bypass[2]  ; capture_q_rtl_0 ;
; capture_q_rtl_0_bypass[3]  ; capture_q_rtl_0 ;
; capture_q_rtl_0_bypass[4]  ; capture_q_rtl_0 ;
; capture_q_rtl_0_bypass[5]  ; capture_q_rtl_0 ;
; capture_q_rtl_0_bypass[6]  ; capture_q_rtl_0 ;
; capture_q_rtl_0_bypass[7]  ; capture_q_rtl_0 ;
; capture_q_rtl_0_bypass[8]  ; capture_q_rtl_0 ;
; capture_q_rtl_0_bypass[9]  ; capture_q_rtl_0 ;
; capture_q_rtl_0_bypass[10] ; capture_q_rtl_0 ;
; capture_q_rtl_0_bypass[11] ; capture_q_rtl_0 ;
; capture_q_rtl_0_bypass[12] ; capture_q_rtl_0 ;
; capture_q_rtl_0_bypass[13] ; capture_q_rtl_0 ;
; capture_q_rtl_0_bypass[14] ; capture_q_rtl_0 ;
; capture_q_rtl_0_bypass[15] ; capture_q_rtl_0 ;
; capture_q_rtl_0_bypass[16] ; capture_q_rtl_0 ;
; capture_q_rtl_0_bypass[17] ; capture_q_rtl_0 ;
; capture_q_rtl_0_bypass[18] ; capture_q_rtl_0 ;
; capture_q_rtl_0_bypass[19] ; capture_q_rtl_0 ;
; capture_q_rtl_0_bypass[20] ; capture_q_rtl_0 ;
; capture_q_rtl_0_bypass[21] ; capture_q_rtl_0 ;
; capture_q_rtl_0_bypass[22] ; capture_q_rtl_0 ;
; capture_q_rtl_0_bypass[23] ; capture_q_rtl_0 ;
; capture_q_rtl_0_bypass[24] ; capture_q_rtl_0 ;
+----------------------------+-----------------+


+-------------------------------------------------------------------------------------------------------------------------------------------------------------------------------------------------------------------------------------------------------------------------------------------------------------------------------------------------------------------------------------------------------+
; Multiplexer Restructuring Statistics (Restructuring Performed)                                                                                                                                                                                                                                                                                                                                        ;
+--------------------+-----------+---------------+----------------------+------------------------+------------+-----------------------------------------------------------------------------------------------------------------------------------------------------------------------------------------------------------------------------------------------------------------------------------------+
; Multiplexer Inputs ; Bus Width ; Baseline Area ; Area if Restructured ; Saving if Restructured ; Registered ; Example Multiplexer Output                                                                                                                                                                                                                                                              ;
+--------------------+-----------+---------------+----------------------+------------------------+------------+-----------------------------------------------------------------------------------------------------------------------------------------------------------------------------------------------------------------------------------------------------------------------------------------+
; 3:1                ; 4 bits    ; 8 LEs         ; 4 LEs                ; 4 LEs                  ; Yes        ; |DDC_Board_Project|write_address[0]                                                                                                                                                                                                                                                     ;
; 3:1                ; 4 bits    ; 8 LEs         ; 4 LEs                ; 4 LEs                  ; Yes        ; |DDC_Board_Project|warmup_count[3]                                                                                                                                                                                                                                                      ;
; 3:1                ; 144 bits  ; 288 LEs       ; 144 LEs              ; 144 LEs                ; Yes        ; |DDC_Board_Project|fir_lowpass:u_filter_i|delay[0][15]                                                                                                                                                                                                                                  ;
; 3:1                ; 144 bits  ; 288 LEs       ; 144 LEs              ; 144 LEs                ; Yes        ; |DDC_Board_Project|fir_lowpass:u_filter_q|delay[6][10]                                                                                                                                                                                                                                  ;
; 4:1                ; 9 bits    ; 18 LEs        ; 9 LEs                ; 9 LEs                  ; Yes        ; |DDC_Board_Project|sample_tick:u_sample_tick|divider[2]                                                                                                                                                                                                                                 ;
; 4:1                ; 3 bits    ; 6 LEs         ; 6 LEs                ; 0 LEs                  ; Yes        ; |DDC_Board_Project|decimation_count[0]                                                                                                                                                                                                                                                  ;
; 4:1                ; 4 bits    ; 8 LEs         ; 4 LEs                ; 4 LEs                  ; Yes        ; |DDC_Board_Project|jtag_control:u_jtag_control|altsource_probe_top:in_system_sources_probes_0|altsource_probe:issp_impl|altsource_probe_body:altsource_probe_body_inst|altsource_probe_impl:\wider_probe_gen:wider_probe_inst|sld_rom_sr:\instance_id_gen:rom_info_inst|word_counter[0] ;
; 4:1                ; 16 bits   ; 32 LEs        ; 32 LEs               ; 0 LEs                  ; Yes        ; |DDC_Board_Project|fir_lowpass:u_filter_i|sample_out[15]                                                                                                                                                                                                                                ;
; 4:1                ; 16 bits   ; 32 LEs        ; 32 LEs               ; 0 LEs                  ; Yes        ; |DDC_Board_Project|fir_lowpass:u_filter_q|sample_out[15]                                                                                                                                                                                                                                ;
; 4:1                ; 3 bits    ; 6 LEs         ; 3 LEs                ; 3 LEs                  ; Yes        ; |DDC_Board_Project|test_signal:u_test_signal|sample_index[0]                                                                                                                                                                                                                            ;
; 4:1                ; 5 bits    ; 10 LEs        ; 10 LEs               ; 0 LEs                  ; Yes        ; |DDC_Board_Project|nco_phase:u_nco_phase|phase[6]                                                                                                                                                                                                                                       ;
; 5:1                ; 32 bits   ; 96 LEs        ; 32 LEs               ; 64 LEs                 ; Yes        ; |DDC_Board_Project|fir_lowpass:u_filter_q|accumulator[5]                                                                                                                                                                                                                                ;
; 5:1                ; 32 bits   ; 96 LEs        ; 32 LEs               ; 64 LEs                 ; Yes        ; |DDC_Board_Project|fir_lowpass:u_filter_i|accumulator[9]                                                                                                                                                                                                                                ;
; 5:1                ; 30 bits   ; 90 LEs        ; 60 LEs               ; 30 LEs                 ; Yes        ; |DDC_Board_Project|fir_lowpass:u_filter_i|dividend[10]                                                                                                                                                                                                                                  ;
; 5:1                ; 30 bits   ; 90 LEs        ; 60 LEs               ; 30 LEs                 ; Yes        ; |DDC_Board_Project|fir_lowpass:u_filter_q|dividend[14]                                                                                                                                                                                                                                  ;
; 6:1                ; 4 bits    ; 16 LEs        ; 4 LEs                ; 12 LEs                 ; Yes        ; |DDC_Board_Project|fir_lowpass:u_filter_q|tap_index[1]                                                                                                                                                                                                                                  ;
; 6:1                ; 4 bits    ; 16 LEs        ; 4 LEs                ; 12 LEs                 ; Yes        ; |DDC_Board_Project|fir_lowpass:u_filter_i|tap_index[3]                                                                                                                                                                                                                                  ;
; 17:1               ; 4 bits    ; 44 LEs        ; 32 LEs               ; 12 LEs                 ; Yes        ; |DDC_Board_Project|jtag_control:u_jtag_control|altsource_probe_top:in_system_sources_probes_0|altsource_probe:issp_impl|altsource_probe_body:altsource_probe_body_inst|altsource_probe_impl:\wider_probe_gen:wider_probe_inst|sld_rom_sr:\instance_id_gen:rom_info_inst|WORD_SR[2]      ;
; 8:1                ; 6 bits    ; 30 LEs        ; 24 LEs               ; 6 LEs                  ; Yes        ; |DDC_Board_Project|jtag_control:u_jtag_control|altsource_probe_top:in_system_sources_probes_0|altsource_probe:issp_impl|altsource_probe_body:altsource_probe_body_inst|altsource_probe_impl:\wider_probe_gen:wider_probe_inst|shift_reg[14]                                             ;
; 8:1                ; 10 bits   ; 50 LEs        ; 40 LEs               ; 10 LEs                 ; Yes        ; |DDC_Board_Project|jtag_control:u_jtag_control|altsource_probe_top:in_system_sources_probes_0|altsource_probe:issp_impl|altsource_probe_body:altsource_probe_body_inst|altsource_probe_impl:\wider_probe_gen:wider_probe_inst|shift_reg[9]                                              ;
; 4:1                ; 6 bits    ; 12 LEs        ; 12 LEs               ; 0 LEs                  ; No         ; |DDC_Board_Project|nco_lut:u_nco_lut|index                                                                                                                                                                                                                                              ;
; 4:1                ; 5 bits    ; 10 LEs        ; 10 LEs               ; 0 LEs                  ; No         ; |DDC_Board_Project|nco_lut:u_nco_lut|index                                                                                                                                                                                                                                              ;
; 5:1                ; 2 bits    ; 6 LEs         ; 4 LEs                ; 2 LEs                  ; No         ; |DDC_Board_Project|fir_lowpass:u_filter_q|Mux16                                                                                                                                                                                                                                         ;
; 5:1                ; 2 bits    ; 6 LEs         ; 4 LEs                ; 2 LEs                  ; No         ; |DDC_Board_Project|fir_lowpass:u_filter_i|Mux16                                                                                                                                                                                                                                         ;
; 10:1               ; 16 bits   ; 96 LEs        ; 96 LEs               ; 0 LEs                  ; No         ; |DDC_Board_Project|fir_lowpass:u_filter_q|tap_value[31]                                                                                                                                                                                                                                 ;
; 10:1               ; 16 bits   ; 96 LEs        ; 96 LEs               ; 0 LEs                  ; No         ; |DDC_Board_Project|fir_lowpass:u_filter_i|tap_value[5]                                                                                                                                                                                                                                  ;
; 9:1                ; 14 bits   ; 84 LEs        ; 56 LEs               ; 28 LEs                 ; No         ; |DDC_Board_Project|fir_lowpass:u_filter_q|Mux40                                                                                                                                                                                                                                         ;
; 8:1                ; 3 bits    ; 15 LEs        ; 12 LEs               ; 3 LEs                  ; No         ; |DDC_Board_Project|fir_lowpass:u_filter_q|state                                                                                                                                                                                                                                         ;
; 9:1                ; 14 bits   ; 84 LEs        ; 56 LEs               ; 28 LEs                 ; No         ; |DDC_Board_Project|fir_lowpass:u_filter_i|Mux38                                                                                                                                                                                                                                         ;
; 8:1                ; 3 bits    ; 15 LEs        ; 12 LEs               ; 3 LEs                  ; No         ; |DDC_Board_Project|fir_lowpass:u_filter_i|state                                                                                                                                                                                                                                         ;
; 9:1                ; 2 bits    ; 12 LEs        ; 6 LEs                ; 6 LEs                  ; No         ; |DDC_Board_Project|fir_lowpass:u_filter_q|state                                                                                                                                                                                                                                         ;
; 9:1                ; 2 bits    ; 12 LEs        ; 6 LEs                ; 6 LEs                  ; No         ; |DDC_Board_Project|fir_lowpass:u_filter_i|state                                                                                                                                                                                                                                         ;
+--------------------+-----------+---------------+----------------------+------------------------+------------+-----------------------------------------------------------------------------------------------------------------------------------------------------------------------------------------------------------------------------------------------------------------------------------------+


+-----------------------------------------------------------------------------------------------------------------------------------------------------------------------------------------------------------------------------------+
; Source assignments for jtag_control:u_jtag_control|altsource_probe_top:in_system_sources_probes_0|altsource_probe:issp_impl|altsource_probe_body:altsource_probe_body_inst|altsource_probe_impl:\wider_probe_gen:wider_probe_inst ;
+---------------------------------+------------------------+------+-----------------------------------------------------------------------------------------------------------------------------------------------------------------+
; Assignment                      ; Value                  ; From ; To                                                                                                                                                              ;
+---------------------------------+------------------------+------+-----------------------------------------------------------------------------------------------------------------------------------------------------------------+
; NOT_GATE_PUSH_BACK              ; OFF                    ; -    ; -                                                                                                                                                               ;
; POWER_UP_LEVEL                  ; LOW                    ; -    ; -                                                                                                                                                               ;
; AUTO_SHIFT_REGISTER_RECOGNITION ; OFF                    ; -    ; -                                                                                                                                                               ;
; SYNCHRONIZER_IDENTIFICATION     ; FORCED_IF_ASYNCHRONOUS ; -    ; metastable_l2_reg[0]                                                                                                                                            ;
; AUTO_CLOCK_ENABLE_RECOGNITION   ; OFF                    ; -    ; hold_reg[9]                                                                                                                                                     ;
; AUTO_CLOCK_ENABLE_RECOGNITION   ; OFF                    ; -    ; hold_reg[8]                                                                                                                                                     ;
; AUTO_CLOCK_ENABLE_RECOGNITION   ; OFF                    ; -    ; hold_reg[7]                                                                                                                                                     ;
; AUTO_CLOCK_ENABLE_RECOGNITION   ; OFF                    ; -    ; hold_reg[6]                                                                                                                                                     ;
; AUTO_CLOCK_ENABLE_RECOGNITION   ; OFF                    ; -    ; hold_reg[5]                                                                                                                                                     ;
; AUTO_CLOCK_ENABLE_RECOGNITION   ; OFF                    ; -    ; hold_reg[4]                                                                                                                                                     ;
; AUTO_CLOCK_ENABLE_RECOGNITION   ; OFF                    ; -    ; hold_reg[3]                                                                                                                                                     ;
; AUTO_CLOCK_ENABLE_RECOGNITION   ; OFF                    ; -    ; hold_reg[2]                                                                                                                                                     ;
; AUTO_CLOCK_ENABLE_RECOGNITION   ; OFF                    ; -    ; hold_reg[1]                                                                                                                                                     ;
; AUTO_CLOCK_ENABLE_RECOGNITION   ; OFF                    ; -    ; hold_reg[0]                                                                                                                                                     ;
; SYNCHRONIZER_IDENTIFICATION     ; FORCED_IF_ASYNCHRONOUS ; -    ; metastable_l2_reg[1]                                                                                                                                            ;
; SYNCHRONIZER_IDENTIFICATION     ; FORCED_IF_ASYNCHRONOUS ; -    ; metastable_l2_reg[2]                                                                                                                                            ;
; SYNCHRONIZER_IDENTIFICATION     ; FORCED_IF_ASYNCHRONOUS ; -    ; metastable_l2_reg[3]                                                                                                                                            ;
; SYNCHRONIZER_IDENTIFICATION     ; FORCED_IF_ASYNCHRONOUS ; -    ; metastable_l2_reg[4]                                                                                                                                            ;
; SYNCHRONIZER_IDENTIFICATION     ; FORCED_IF_ASYNCHRONOUS ; -    ; metastable_l2_reg[5]                                                                                                                                            ;
; SYNCHRONIZER_IDENTIFICATION     ; FORCED_IF_ASYNCHRONOUS ; -    ; metastable_l2_reg[6]                                                                                                                                            ;
; SYNCHRONIZER_IDENTIFICATION     ; FORCED_IF_ASYNCHRONOUS ; -    ; metastable_l2_reg[7]                                                                                                                                            ;
; SYNCHRONIZER_IDENTIFICATION     ; FORCED_IF_ASYNCHRONOUS ; -    ; metastable_l2_reg[8]                                                                                                                                            ;
; SYNCHRONIZER_IDENTIFICATION     ; FORCED_IF_ASYNCHRONOUS ; -    ; metastable_l2_reg[9]                                                                                                                                            ;
; SYNCHRONIZER_IDENTIFICATION     ; FORCED_IF_ASYNCHRONOUS ; -    ; metastable_l1_reg[0]                                                                                                                                            ;
; SYNCHRONIZER_IDENTIFICATION     ; FORCED_IF_ASYNCHRONOUS ; -    ; metastable_l1_reg[1]                                                                                                                                            ;
; SYNCHRONIZER_IDENTIFICATION     ; FORCED_IF_ASYNCHRONOUS ; -    ; metastable_l1_reg[2]                                                                                                                                            ;
; SYNCHRONIZER_IDENTIFICATION     ; FORCED_IF_ASYNCHRONOUS ; -    ; metastable_l1_reg[3]                                                                                                                                            ;
; SYNCHRONIZER_IDENTIFICATION     ; FORCED_IF_ASYNCHRONOUS ; -    ; metastable_l1_reg[4]                                                                                                                                            ;
; SYNCHRONIZER_IDENTIFICATION     ; FORCED_IF_ASYNCHRONOUS ; -    ; metastable_l1_reg[5]                                                                                                                                            ;
; SYNCHRONIZER_IDENTIFICATION     ; FORCED_IF_ASYNCHRONOUS ; -    ; metastable_l1_reg[6]                                                                                                                                            ;
; SYNCHRONIZER_IDENTIFICATION     ; FORCED_IF_ASYNCHRONOUS ; -    ; metastable_l1_reg[7]                                                                                                                                            ;
; SYNCHRONIZER_IDENTIFICATION     ; FORCED_IF_ASYNCHRONOUS ; -    ; metastable_l1_reg[8]                                                                                                                                            ;
; SYNCHRONIZER_IDENTIFICATION     ; FORCED_IF_ASYNCHRONOUS ; -    ; metastable_l1_reg[9]                                                                                                                                            ;
+---------------------------------+------------------------+------+-----------------------------------------------------------------------------------------------------------------------------------------------------------------+


+----------------------------------------------------------------------------------+
; Source assignments for altsyncram:capture_i_rtl_0|altsyncram_inb1:auto_generated ;
+---------------------------------+--------------------+------+--------------------+
; Assignment                      ; Value              ; From ; To                 ;
+---------------------------------+--------------------+------+--------------------+
; OPTIMIZE_POWER_DURING_SYNTHESIS ; NORMAL_COMPILATION ; -    ; -                  ;
+---------------------------------+--------------------+------+--------------------+


+----------------------------------------------------------------------------------+
; Source assignments for altsyncram:capture_q_rtl_0|altsyncram_inb1:auto_generated ;
+---------------------------------+--------------------+------+--------------------+
; Assignment                      ; Value              ; From ; To                 ;
+---------------------------------+--------------------+------+--------------------+
; OPTIMIZE_POWER_DURING_SYNTHESIS ; NORMAL_COMPILATION ; -    ; -                  ;
+---------------------------------+--------------------+------+--------------------+


+-------------------------------------------------------------------------------------------------------------------------+
; Parameter Settings for User Entity Instance: jtag_control:u_jtag_control|altsource_probe_top:in_system_sources_probes_0 ;
+-------------------------+-----------------+-----------------------------------------------------------------------------+
; Parameter Name          ; Value           ; Type                                                                        ;
+-------------------------+-----------------+-----------------------------------------------------------------------------+
; lpm_type                ; altsource_probe ; String                                                                      ;
; lpm_hint                ; UNUSED          ; String                                                                      ;
; sld_auto_instance_index ; YES             ; String                                                                      ;
; sld_instance_index      ; 0               ; Signed Integer                                                              ;
; sld_node_info_parameter ; 4746752         ; Signed Integer                                                              ;
; sld_ir_width            ; 4               ; Signed Integer                                                              ;
; instance_id             ; JIO0            ; String                                                                      ;
; probe_width             ; 16              ; Signed Integer                                                              ;
; source_width            ; 10              ; Signed Integer                                                              ;
; source_initial_value    ; 0               ; String                                                                      ;
; enable_metastability    ; YES             ; String                                                                      ;
+-------------------------+-----------------+-----------------------------------------------------------------------------+
Note: In order to hide this table in the UI and the text report file, please set the "Show Parameter Settings in Synthesis Report" option in "Analysis and Synthesis Settings -> More Settings" to "Off".


+---------------------------------------------------------------------------------------------------------------------------------------------------+
; Parameter Settings for User Entity Instance: jtag_control:u_jtag_control|altsource_probe_top:in_system_sources_probes_0|altsource_probe:issp_impl ;
+-------------------------+-----------------+-------------------------------------------------------------------------------------------------------+
; Parameter Name          ; Value           ; Type                                                                                                  ;
+-------------------------+-----------------+-------------------------------------------------------------------------------------------------------+
; lpm_type                ; altsource_probe ; String                                                                                                ;
; lpm_hint                ; UNUSED          ; String                                                                                                ;
; sld_auto_instance_index ; YES             ; String                                                                                                ;
; sld_instance_index      ; 0               ; Signed Integer                                                                                        ;
; SLD_NODE_INFO           ; 4746752         ; Signed Integer                                                                                        ;
; sld_ir_width            ; 4               ; Signed Integer                                                                                        ;
; instance_id             ; JIO0            ; String                                                                                                ;
; probe_width             ; 16              ; Signed Integer                                                                                        ;
; source_width            ; 10              ; Signed Integer                                                                                        ;
; source_initial_value    ; 0               ; String                                                                                                ;
; enable_metastability    ; YES             ; String                                                                                                ;
+-------------------------+-----------------+-------------------------------------------------------------------------------------------------------+
Note: In order to hide this table in the UI and the text report file, please set the "Show Parameter Settings in Synthesis Report" option in "Analysis and Synthesis Settings -> More Settings" to "Off".


+-----------------------------------------------------------------------------+
; Parameter Settings for Inferred Entity Instance: altsyncram:capture_i_rtl_0 ;
+------------------------------------+----------------------+-----------------+
; Parameter Name                     ; Value                ; Type            ;
+------------------------------------+----------------------+-----------------+
; BYTE_SIZE_BLOCK                    ; 8                    ; Untyped         ;
; AUTO_CARRY_CHAINS                  ; ON                   ; AUTO_CARRY      ;
; IGNORE_CARRY_BUFFERS               ; OFF                  ; IGNORE_CARRY    ;
; AUTO_CASCADE_CHAINS                ; ON                   ; AUTO_CASCADE    ;
; IGNORE_CASCADE_BUFFERS             ; OFF                  ; IGNORE_CASCADE  ;
; WIDTH_BYTEENA                      ; 1                    ; Untyped         ;
; OPERATION_MODE                     ; DUAL_PORT            ; Untyped         ;
; WIDTH_A                            ; 16                   ; Untyped         ;
; WIDTHAD_A                          ; 4                    ; Untyped         ;
; NUMWORDS_A                         ; 16                   ; Untyped         ;
; OUTDATA_REG_A                      ; UNREGISTERED         ; Untyped         ;
; ADDRESS_ACLR_A                     ; NONE                 ; Untyped         ;
; OUTDATA_ACLR_A                     ; NONE                 ; Untyped         ;
; WRCONTROL_ACLR_A                   ; NONE                 ; Untyped         ;
; INDATA_ACLR_A                      ; NONE                 ; Untyped         ;
; BYTEENA_ACLR_A                     ; NONE                 ; Untyped         ;
; WIDTH_B                            ; 16                   ; Untyped         ;
; WIDTHAD_B                          ; 4                    ; Untyped         ;
; NUMWORDS_B                         ; 16                   ; Untyped         ;
; INDATA_REG_B                       ; CLOCK1               ; Untyped         ;
; WRCONTROL_WRADDRESS_REG_B          ; CLOCK1               ; Untyped         ;
; RDCONTROL_REG_B                    ; CLOCK1               ; Untyped         ;
; ADDRESS_REG_B                      ; CLOCK0               ; Untyped         ;
; OUTDATA_REG_B                      ; UNREGISTERED         ; Untyped         ;
; BYTEENA_REG_B                      ; CLOCK1               ; Untyped         ;
; INDATA_ACLR_B                      ; NONE                 ; Untyped         ;
; WRCONTROL_ACLR_B                   ; NONE                 ; Untyped         ;
; ADDRESS_ACLR_B                     ; NONE                 ; Untyped         ;
; OUTDATA_ACLR_B                     ; NONE                 ; Untyped         ;
; RDCONTROL_ACLR_B                   ; NONE                 ; Untyped         ;
; BYTEENA_ACLR_B                     ; NONE                 ; Untyped         ;
; WIDTH_BYTEENA_A                    ; 1                    ; Untyped         ;
; WIDTH_BYTEENA_B                    ; 1                    ; Untyped         ;
; RAM_BLOCK_TYPE                     ; AUTO                 ; Untyped         ;
; BYTE_SIZE                          ; 8                    ; Untyped         ;
; READ_DURING_WRITE_MODE_MIXED_PORTS ; DONT_CARE            ; Untyped         ;
; READ_DURING_WRITE_MODE_PORT_A      ; NEW_DATA_NO_NBE_READ ; Untyped         ;
; READ_DURING_WRITE_MODE_PORT_B      ; NEW_DATA_NO_NBE_READ ; Untyped         ;
; INIT_FILE                          ; UNUSED               ; Untyped         ;
; INIT_FILE_LAYOUT                   ; PORT_A               ; Untyped         ;
; MAXIMUM_DEPTH                      ; 0                    ; Untyped         ;
; CLOCK_ENABLE_INPUT_A               ; NORMAL               ; Untyped         ;
; CLOCK_ENABLE_INPUT_B               ; NORMAL               ; Untyped         ;
; CLOCK_ENABLE_OUTPUT_A              ; NORMAL               ; Untyped         ;
; CLOCK_ENABLE_OUTPUT_B              ; NORMAL               ; Untyped         ;
; CLOCK_ENABLE_CORE_A                ; USE_INPUT_CLKEN      ; Untyped         ;
; CLOCK_ENABLE_CORE_B                ; USE_INPUT_CLKEN      ; Untyped         ;
; ENABLE_ECC                         ; FALSE                ; Untyped         ;
; ECC_PIPELINE_STAGE_ENABLED         ; FALSE                ; Untyped         ;
; WIDTH_ECCSTATUS                    ; 3                    ; Untyped         ;
; DEVICE_FAMILY                      ; MAX 10               ; Untyped         ;
; CBXI_PARAMETER                     ; altsyncram_inb1      ; Untyped         ;
+------------------------------------+----------------------+-----------------+
Note: In order to hide this table in the UI and the text report file, please set the "Show Parameter Settings in Synthesis Report" option in "Analysis and Synthesis Settings -> More Settings" to "Off".


+-----------------------------------------------------------------------------+
; Parameter Settings for Inferred Entity Instance: altsyncram:capture_q_rtl_0 ;
+------------------------------------+----------------------+-----------------+
; Parameter Name                     ; Value                ; Type            ;
+------------------------------------+----------------------+-----------------+
; BYTE_SIZE_BLOCK                    ; 8                    ; Untyped         ;
; AUTO_CARRY_CHAINS                  ; ON                   ; AUTO_CARRY      ;
; IGNORE_CARRY_BUFFERS               ; OFF                  ; IGNORE_CARRY    ;
; AUTO_CASCADE_CHAINS                ; ON                   ; AUTO_CASCADE    ;
; IGNORE_CASCADE_BUFFERS             ; OFF                  ; IGNORE_CASCADE  ;
; WIDTH_BYTEENA                      ; 1                    ; Untyped         ;
; OPERATION_MODE                     ; DUAL_PORT            ; Untyped         ;
; WIDTH_A                            ; 16                   ; Untyped         ;
; WIDTHAD_A                          ; 4                    ; Untyped         ;
; NUMWORDS_A                         ; 16                   ; Untyped         ;
; OUTDATA_REG_A                      ; UNREGISTERED         ; Untyped         ;
; ADDRESS_ACLR_A                     ; NONE                 ; Untyped         ;
; OUTDATA_ACLR_A                     ; NONE                 ; Untyped         ;
; WRCONTROL_ACLR_A                   ; NONE                 ; Untyped         ;
; INDATA_ACLR_A                      ; NONE                 ; Untyped         ;
; BYTEENA_ACLR_A                     ; NONE                 ; Untyped         ;
; WIDTH_B                            ; 16                   ; Untyped         ;
; WIDTHAD_B                          ; 4                    ; Untyped         ;
; NUMWORDS_B                         ; 16                   ; Untyped         ;
; INDATA_REG_B                       ; CLOCK1               ; Untyped         ;
; WRCONTROL_WRADDRESS_REG_B          ; CLOCK1               ; Untyped         ;
; RDCONTROL_REG_B                    ; CLOCK1               ; Untyped         ;
; ADDRESS_REG_B                      ; CLOCK0               ; Untyped         ;
; OUTDATA_REG_B                      ; UNREGISTERED         ; Untyped         ;
; BYTEENA_REG_B                      ; CLOCK1               ; Untyped         ;
; INDATA_ACLR_B                      ; NONE                 ; Untyped         ;
; WRCONTROL_ACLR_B                   ; NONE                 ; Untyped         ;
; ADDRESS_ACLR_B                     ; NONE                 ; Untyped         ;
; OUTDATA_ACLR_B                     ; NONE                 ; Untyped         ;
; RDCONTROL_ACLR_B                   ; NONE                 ; Untyped         ;
; BYTEENA_ACLR_B                     ; NONE                 ; Untyped         ;
; WIDTH_BYTEENA_A                    ; 1                    ; Untyped         ;
; WIDTH_BYTEENA_B                    ; 1                    ; Untyped         ;
; RAM_BLOCK_TYPE                     ; AUTO                 ; Untyped         ;
; BYTE_SIZE                          ; 8                    ; Untyped         ;
; READ_DURING_WRITE_MODE_MIXED_PORTS ; DONT_CARE            ; Untyped         ;
; READ_DURING_WRITE_MODE_PORT_A      ; NEW_DATA_NO_NBE_READ ; Untyped         ;
; READ_DURING_WRITE_MODE_PORT_B      ; NEW_DATA_NO_NBE_READ ; Untyped         ;
; INIT_FILE                          ; UNUSED               ; Untyped         ;
; INIT_FILE_LAYOUT                   ; PORT_A               ; Untyped         ;
; MAXIMUM_DEPTH                      ; 0                    ; Untyped         ;
; CLOCK_ENABLE_INPUT_A               ; NORMAL               ; Untyped         ;
; CLOCK_ENABLE_INPUT_B               ; NORMAL               ; Untyped         ;
; CLOCK_ENABLE_OUTPUT_A              ; NORMAL               ; Untyped         ;
; CLOCK_ENABLE_OUTPUT_B              ; NORMAL               ; Untyped         ;
; CLOCK_ENABLE_CORE_A                ; USE_INPUT_CLKEN      ; Untyped         ;
; CLOCK_ENABLE_CORE_B                ; USE_INPUT_CLKEN      ; Untyped         ;
; ENABLE_ECC                         ; FALSE                ; Untyped         ;
; ECC_PIPELINE_STAGE_ENABLED         ; FALSE                ; Untyped         ;
; WIDTH_ECCSTATUS                    ; 3                    ; Untyped         ;
; DEVICE_FAMILY                      ; MAX 10               ; Untyped         ;
; CBXI_PARAMETER                     ; altsyncram_inb1      ; Untyped         ;
+------------------------------------+----------------------+-----------------+
Note: In order to hide this table in the UI and the text report file, please set the "Show Parameter Settings in Synthesis Report" option in "Analysis and Synthesis Settings -> More Settings" to "Off".


+-------------------------------------------------------------------------------------+
; Parameter Settings for Inferred Entity Instance: iq_mixer:u_iq_mixer|lpm_mult:Mult0 ;
+------------------------------------------------+----------+-------------------------+
; Parameter Name                                 ; Value    ; Type                    ;
+------------------------------------------------+----------+-------------------------+
; AUTO_CARRY_CHAINS                              ; ON       ; AUTO_CARRY              ;
; IGNORE_CARRY_BUFFERS                           ; OFF      ; IGNORE_CARRY            ;
; AUTO_CASCADE_CHAINS                            ; ON       ; AUTO_CASCADE            ;
; IGNORE_CASCADE_BUFFERS                         ; OFF      ; IGNORE_CASCADE          ;
; LPM_WIDTHA                                     ; 15       ; Untyped                 ;
; LPM_WIDTHB                                     ; 16       ; Untyped                 ;
; LPM_WIDTHP                                     ; 31       ; Untyped                 ;
; LPM_WIDTHR                                     ; 31       ; Untyped                 ;
; LPM_WIDTHS                                     ; 1        ; Untyped                 ;
; LPM_REPRESENTATION                             ; SIGNED   ; Untyped                 ;
; LPM_PIPELINE                                   ; 0        ; Untyped                 ;
; LATENCY                                        ; 0        ; Untyped                 ;
; INPUT_A_IS_CONSTANT                            ; NO       ; Untyped                 ;
; INPUT_B_IS_CONSTANT                            ; NO       ; Untyped                 ;
; USE_EAB                                        ; OFF      ; Untyped                 ;
; MAXIMIZE_SPEED                                 ; 5        ; Untyped                 ;
; DEVICE_FAMILY                                  ; MAX 10   ; Untyped                 ;
; CARRY_CHAIN                                    ; MANUAL   ; Untyped                 ;
; APEX20K_TECHNOLOGY_MAPPER                      ; LUT      ; TECH_MAPPER_APEX20K     ;
; DEDICATED_MULTIPLIER_CIRCUITRY                 ; AUTO     ; Untyped                 ;
; DEDICATED_MULTIPLIER_MIN_INPUT_WIDTH_FOR_AUTO  ; 0        ; Untyped                 ;
; DEDICATED_MULTIPLIER_MIN_OUTPUT_WIDTH_FOR_AUTO ; 0        ; Untyped                 ;
; CBXI_PARAMETER                                 ; mult_ngs ; Untyped                 ;
; INPUT_A_FIXED_VALUE                            ; Bx       ; Untyped                 ;
; INPUT_B_FIXED_VALUE                            ; Bx       ; Untyped                 ;
; USE_AHDL_IMPLEMENTATION                        ; OFF      ; Untyped                 ;
+------------------------------------------------+----------+-------------------------+
Note: In order to hide this table in the UI and the text report file, please set the "Show Parameter Settings in Synthesis Report" option in "Analysis and Synthesis Settings -> More Settings" to "Off".


+-------------------------------------------------------------------------------------+
; Parameter Settings for Inferred Entity Instance: iq_mixer:u_iq_mixer|lpm_mult:Mult1 ;
+------------------------------------------------+----------+-------------------------+
; Parameter Name                                 ; Value    ; Type                    ;
+------------------------------------------------+----------+-------------------------+
; AUTO_CARRY_CHAINS                              ; ON       ; AUTO_CARRY              ;
; IGNORE_CARRY_BUFFERS                           ; OFF      ; IGNORE_CARRY            ;
; AUTO_CASCADE_CHAINS                            ; ON       ; AUTO_CASCADE            ;
; IGNORE_CASCADE_BUFFERS                         ; OFF      ; IGNORE_CASCADE          ;
; LPM_WIDTHA                                     ; 15       ; Untyped                 ;
; LPM_WIDTHB                                     ; 16       ; Untyped                 ;
; LPM_WIDTHP                                     ; 31       ; Untyped                 ;
; LPM_WIDTHR                                     ; 31       ; Untyped                 ;
; LPM_WIDTHS                                     ; 1        ; Untyped                 ;
; LPM_REPRESENTATION                             ; SIGNED   ; Untyped                 ;
; LPM_PIPELINE                                   ; 0        ; Untyped                 ;
; LATENCY                                        ; 0        ; Untyped                 ;
; INPUT_A_IS_CONSTANT                            ; NO       ; Untyped                 ;
; INPUT_B_IS_CONSTANT                            ; NO       ; Untyped                 ;
; USE_EAB                                        ; OFF      ; Untyped                 ;
; MAXIMIZE_SPEED                                 ; 5        ; Untyped                 ;
; DEVICE_FAMILY                                  ; MAX 10   ; Untyped                 ;
; CARRY_CHAIN                                    ; MANUAL   ; Untyped                 ;
; APEX20K_TECHNOLOGY_MAPPER                      ; LUT      ; TECH_MAPPER_APEX20K     ;
; DEDICATED_MULTIPLIER_CIRCUITRY                 ; AUTO     ; Untyped                 ;
; DEDICATED_MULTIPLIER_MIN_INPUT_WIDTH_FOR_AUTO  ; 0        ; Untyped                 ;
; DEDICATED_MULTIPLIER_MIN_OUTPUT_WIDTH_FOR_AUTO ; 0        ; Untyped                 ;
; CBXI_PARAMETER                                 ; mult_ngs ; Untyped                 ;
; INPUT_A_FIXED_VALUE                            ; Bx       ; Untyped                 ;
; INPUT_B_FIXED_VALUE                            ; Bx       ; Untyped                 ;
; USE_AHDL_IMPLEMENTATION                        ; OFF      ; Untyped                 ;
+------------------------------------------------+----------+-------------------------+
Note: In order to hide this table in the UI and the text report file, please set the "Show Parameter Settings in Synthesis Report" option in "Analysis and Synthesis Settings -> More Settings" to "Off".


+------------------------------------------------------------------------+
; altsyncram Parameter Settings by Entity Instance                       ;
+-------------------------------------------+----------------------------+
; Name                                      ; Value                      ;
+-------------------------------------------+----------------------------+
; Number of entity instances                ; 2                          ;
; Entity Instance                           ; altsyncram:capture_i_rtl_0 ;
;     -- OPERATION_MODE                     ; DUAL_PORT                  ;
;     -- WIDTH_A                            ; 16                         ;
;     -- NUMWORDS_A                         ; 16                         ;
;     -- OUTDATA_REG_A                      ; UNREGISTERED               ;
;     -- WIDTH_B                            ; 16                         ;
;     -- NUMWORDS_B                         ; 16                         ;
;     -- ADDRESS_REG_B                      ; CLOCK0                     ;
;     -- OUTDATA_REG_B                      ; UNREGISTERED               ;
;     -- RAM_BLOCK_TYPE                     ; AUTO                       ;
;     -- READ_DURING_WRITE_MODE_MIXED_PORTS ; DONT_CARE                  ;
; Entity Instance                           ; altsyncram:capture_q_rtl_0 ;
;     -- OPERATION_MODE                     ; DUAL_PORT                  ;
;     -- WIDTH_A                            ; 16                         ;
;     -- NUMWORDS_A                         ; 16                         ;
;     -- OUTDATA_REG_A                      ; UNREGISTERED               ;
;     -- WIDTH_B                            ; 16                         ;
;     -- NUMWORDS_B                         ; 16                         ;
;     -- ADDRESS_REG_B                      ; CLOCK0                     ;
;     -- OUTDATA_REG_B                      ; UNREGISTERED               ;
;     -- RAM_BLOCK_TYPE                     ; AUTO                       ;
;     -- READ_DURING_WRITE_MODE_MIXED_PORTS ; DONT_CARE                  ;
+-------------------------------------------+----------------------------+


+----------------------------------------------------------------------------+
; lpm_mult Parameter Settings by Entity Instance                             ;
+---------------------------------------+------------------------------------+
; Name                                  ; Value                              ;
+---------------------------------------+------------------------------------+
; Number of entity instances            ; 2                                  ;
; Entity Instance                       ; iq_mixer:u_iq_mixer|lpm_mult:Mult0 ;
;     -- LPM_WIDTHA                     ; 15                                 ;
;     -- LPM_WIDTHB                     ; 16                                 ;
;     -- LPM_WIDTHP                     ; 31                                 ;
;     -- LPM_REPRESENTATION             ; SIGNED                             ;
;     -- INPUT_A_IS_CONSTANT            ; NO                                 ;
;     -- INPUT_B_IS_CONSTANT            ; NO                                 ;
;     -- USE_EAB                        ; OFF                                ;
;     -- DEDICATED_MULTIPLIER_CIRCUITRY ; AUTO                               ;
;     -- INPUT_A_FIXED_VALUE            ; Bx                                 ;
;     -- INPUT_B_FIXED_VALUE            ; Bx                                 ;
; Entity Instance                       ; iq_mixer:u_iq_mixer|lpm_mult:Mult1 ;
;     -- LPM_WIDTHA                     ; 15                                 ;
;     -- LPM_WIDTHB                     ; 16                                 ;
;     -- LPM_WIDTHP                     ; 31                                 ;
;     -- LPM_REPRESENTATION             ; SIGNED                             ;
;     -- INPUT_A_IS_CONSTANT            ; NO                                 ;
;     -- INPUT_B_IS_CONSTANT            ; NO                                 ;
;     -- USE_EAB                        ; OFF                                ;
;     -- DEDICATED_MULTIPLIER_CIRCUITRY ; AUTO                               ;
;     -- INPUT_A_FIXED_VALUE            ; Bx                                 ;
;     -- INPUT_B_FIXED_VALUE            ; Bx                                 ;
+---------------------------------------+------------------------------------+


+----------------------------------------------------+
; Port Connectivity Checks: "nco_phase:u_nco_phase"  ;
+------------------+-------+----------+--------------+
; Port             ; Type  ; Severity ; Details      ;
+------------------+-------+----------+--------------+
; phase_step[6..5] ; Input ; Info     ; Stuck at GND ;
; phase_step[4]    ; Input ; Info     ; Stuck at VCC ;
; phase_step[3]    ; Input ; Info     ; Stuck at GND ;
; phase_step[0]    ; Input ; Info     ; Stuck at GND ;
+------------------+-------+----------+--------------+


+------------------------------------------------------------------------------------------------------------------------------------------------------------------------------------+
; Port Connectivity Checks: "jtag_control:u_jtag_control|altsource_probe_top:in_system_sources_probes_0|altsource_probe:issp_impl"                                                   ;
+-----------------+--------+----------+----------------------------------------------------------------------------------------------------------------------------------------------+
; Port            ; Type   ; Severity ; Details                                                                                                                                      ;
+-----------------+--------+----------+----------------------------------------------------------------------------------------------------------------------------------------------+
; raw_tck         ; Input  ; Warning  ; Declared by entity but not connected by instance. If a default value exists, it will be used.  Otherwise, the port will be connected to GND. ;
; tdi             ; Input  ; Warning  ; Declared by entity but not connected by instance. If a default value exists, it will be used.  Otherwise, the port will be connected to GND. ;
; usr1            ; Input  ; Warning  ; Declared by entity but not connected by instance. If a default value exists, it will be used.  Otherwise, the port will be connected to GND. ;
; jtag_state_cdr  ; Input  ; Warning  ; Declared by entity but not connected by instance. If a default value exists, it will be used.  Otherwise, the port will be connected to GND. ;
; jtag_state_sdr  ; Input  ; Warning  ; Declared by entity but not connected by instance. If a default value exists, it will be used.  Otherwise, the port will be connected to GND. ;
; jtag_state_e1dr ; Input  ; Warning  ; Declared by entity but not connected by instance. If a default value exists, it will be used.  Otherwise, the port will be connected to GND. ;
; jtag_state_udr  ; Input  ; Warning  ; Declared by entity but not connected by instance. If a default value exists, it will be used.  Otherwise, the port will be connected to GND. ;
; jtag_state_cir  ; Input  ; Warning  ; Declared by entity but not connected by instance. If a default value exists, it will be used.  Otherwise, the port will be connected to GND. ;
; jtag_state_uir  ; Input  ; Warning  ; Declared by entity but not connected by instance. If a default value exists, it will be used.  Otherwise, the port will be connected to GND. ;
; jtag_state_tlr  ; Input  ; Warning  ; Declared by entity but not connected by instance. If a default value exists, it will be used.  Otherwise, the port will be connected to GND. ;
; clr             ; Input  ; Warning  ; Declared by entity but not connected by instance. If a default value exists, it will be used.  Otherwise, the port will be connected to GND. ;
; ena             ; Input  ; Warning  ; Declared by entity but not connected by instance. If a default value exists, it will be used.  Otherwise, the port will be connected to GND. ;
; ir_in           ; Input  ; Warning  ; Declared by entity but not connected by instance. If a default value exists, it will be used.  Otherwise, the port will be connected to GND. ;
; ir_out          ; Output ; Warning  ; Declared by entity but not connected by instance. Logic that only feeds a dangling port will be removed.                                     ;
; tdo             ; Output ; Warning  ; Declared by entity but not connected by instance. Logic that only feeds a dangling port will be removed.                                     ;
+-----------------+--------+----------+----------------------------------------------------------------------------------------------------------------------------------------------+


+--------------------------------------------------------------------------------------------------------+
; Port Connectivity Checks: "jtag_control:u_jtag_control|altsource_probe_top:in_system_sources_probes_0" ;
+------------+-------+----------+------------------------------------------------------------------------+
; Port       ; Type  ; Severity ; Details                                                                ;
+------------+-------+----------+------------------------------------------------------------------------+
; source_ena ; Input ; Info     ; Stuck at VCC                                                           ;
+------------+-------+----------+------------------------------------------------------------------------+


+------------------------------------------------------------------------------------------------------------------------+
; Port Connectivity Checks: "jtag_control:u_jtag_control"                                                                ;
+--------------+--------+----------+-------------------------------------------------------------------------------------+
; Port         ; Type   ; Severity ; Details                                                                             ;
+--------------+--------+----------+-------------------------------------------------------------------------------------+
; source[9..8] ; Output ; Info     ; Connected to dangling logic. Logic that only feeds a dangling port will be removed. ;
+--------------+--------+----------+-------------------------------------------------------------------------------------+


+-----------------------------------------------------+
; Post-Synthesis Netlist Statistics for Top Partition ;
+-----------------------+-----------------------------+
; Type                  ; Count                       ;
+-----------------------+-----------------------------+
; boundary_port         ; 42                          ;
; cycloneiii_ff         ; 643                         ;
;     CLR               ; 1                           ;
;     ENA               ; 269                         ;
;     ENA CLR           ; 6                           ;
;     ENA CLR SLD       ; 10                          ;
;     ENA SCLR          ; 146                         ;
;     ENA SCLR SLD      ; 60                          ;
;     SCLR              ; 56                          ;
;     plain             ; 95                          ;
; cycloneiii_lcell_comb ; 1362                        ;
;     arith             ; 341                         ;
;         2 data inputs ; 147                         ;
;         3 data inputs ; 194                         ;
;     normal            ; 1021                        ;
;         0 data inputs ; 8                           ;
;         1 data inputs ; 16                          ;
;         2 data inputs ; 316                         ;
;         3 data inputs ; 126                         ;
;         4 data inputs ; 555                         ;
; cycloneiii_mac_mult   ; 2                           ;
; cycloneiii_mac_out    ; 2                           ;
; cycloneiii_ram_block  ; 32                          ;
;                       ;                             ;
; Max LUT depth         ; 12.70                       ;
; Average LUT depth     ; 6.30                        ;
+-----------------------+-----------------------------+


+-------------------------------+
; Elapsed Time Per Partition    ;
+----------------+--------------+
; Partition Name ; Elapsed Time ;
+----------------+--------------+
; Top            ; 00:00:09     ;
+----------------+--------------+


+-------------------------------+
; Analysis & Synthesis Messages ;
+-------------------------------+
Info: *******************************************************************
Info: Running Quartus Prime Analysis & Synthesis
    Info: Version 25.1std.0 Build 1129 10/21/2025 Patches 0.02std SC Lite Edition
    Info: Processing started: Sun Oct  4 13:43:43 2026
Info: Command: quartus_map --read_settings_files=on --write_settings_files=off DDC_Board_Project -c DDC_Board_Project
Warning (18236): Number of processors has not been specified which may cause overloading on shared machines.  Set the global assignment NUM_PARALLEL_PROCESSORS in your QSF to an appropriate value for best performance.
Info (20030): Parallel compilation is enabled and will use 12 of the 12 processors detected
Info (12248): Elaborating Platform Designer system entity "jtag_control.qsys"
Info (12250): 2026.10.04.13:44:34 Progress: Loading DDC_Board_Project/jtag_control.qsys
Info (12250): 2026.10.04.13:44:37 Progress: Reading input file
Info (12250): 2026.10.04.13:44:37 Progress: Adding in_system_sources_probes_0 [altera_in_system_sources_probes 25.1]
Info (12250): 2026.10.04.13:44:37 Progress: Parameterizing module in_system_sources_probes_0
Info (12250): 2026.10.04.13:44:37 Progress: Building connections
Info (12250): 2026.10.04.13:44:37 Progress: Parameterizing connections
Info (12250): 2026.10.04.13:44:37 Progress: Validating
Info (12250): 2026.10.04.13:44:39 Progress: Done reading input file
Info (12250): Jtag_control: Generating "jtag_control" for QUARTUS_SYNTH
Info (12250): In_system_sources_probes_0: "jtag_control" instantiated altera_in_system_sources_probes "in_system_sources_probes_0"
Info (12250): Jtag_control: Done "jtag_control" with 2 modules, 2 files
Info (12249): Finished elaborating Platform Designer system entity "jtag_control.qsys"
Info (12021): Found 1 design units, including 1 entities, in source file jtag_control/synthesis/jtag_control.v
    Info (12023): Found entity 1: jtag_control File: C:/FPGA/DDC_Board_Project/jtag_control/synthesis/jtag_control.v Line: 6
Info (12021): Found 1 design units, including 1 entities, in source file jtag_control/synthesis/submodules/altsource_probe_top.v
    Info (12023): Found entity 1: altsource_probe_top File: C:/FPGA/DDC_Board_Project/jtag_control/synthesis/submodules/altsource_probe_top.v Line: 14
Info (12021): Found 1 design units, including 1 entities, in source file ddc_board_project.v
    Info (12023): Found entity 1: DDC_Board_Project File: C:/FPGA/DDC_Board_Project/DDC_Board_Project.v Line: 1
Info (12021): Found 1 design units, including 1 entities, in source file sample_tick.v
    Info (12023): Found entity 1: sample_tick File: C:/FPGA/DDC_Board_Project/sample_tick.v Line: 1
Info (12021): Found 1 design units, including 1 entities, in source file output_files/test_signal.v
    Info (12023): Found entity 1: test_signal File: C:/FPGA/DDC_Board_Project/output_files/test_signal.v Line: 1
Info (12021): Found 1 design units, including 1 entities, in source file output_files/nco_phase.v
    Info (12023): Found entity 1: nco_phase File: C:/FPGA/DDC_Board_Project/output_files/nco_phase.v Line: 1
Info (12021): Found 1 design units, including 1 entities, in source file output_files/nco_lut.v
    Info (12023): Found entity 1: nco_lut File: C:/FPGA/DDC_Board_Project/output_files/nco_lut.v Line: 1
Info (12021): Found 1 design units, including 1 entities, in source file output_files/iq_mixer.v
    Info (12023): Found entity 1: iq_mixer File: C:/FPGA/DDC_Board_Project/output_files/iq_mixer.v Line: 1
Info (12021): Found 1 design units, including 1 entities, in source file output_files/fir_lowpass.v
    Info (12023): Found entity 1: fir_lowpass File: C:/FPGA/DDC_Board_Project/output_files/fir_lowpass.v Line: 1
Info (15248): File "c:/fpga/ddc_board_project/db/ip/jtag_control/jtag_control.v" is a duplicate of already analyzed file "C:/FPGA/DDC_Board_Project/jtag_control/synthesis/jtag_control.v" (same filename, same library name and same md5 digest). Skipping analysis of this file.
Info (12021): Found 0 design units, including 0 entities, in source file db/ip/jtag_control/jtag_control.v
Info (15248): File "c:/fpga/ddc_board_project/db/ip/jtag_control/submodules/altsource_probe_top.v" is a duplicate of already analyzed file "C:/FPGA/DDC_Board_Project/jtag_control/synthesis/submodules/altsource_probe_top.v" (same filename, same library name and same md5 digest). Skipping analysis of this file.
Info (12021): Found 0 design units, including 0 entities, in source file db/ip/jtag_control/submodules/altsource_probe_top.v
Info (12127): Elaborating entity "DDC_Board_Project" for the top level hierarchy
Info (12128): Elaborating entity "jtag_control" for hierarchy "jtag_control:u_jtag_control" File: C:/FPGA/DDC_Board_Project/DDC_Board_Project.v Line: 51
Info (12128): Elaborating entity "altsource_probe_top" for hierarchy "jtag_control:u_jtag_control|altsource_probe_top:in_system_sources_probes_0" File: C:/FPGA/DDC_Board_Project/jtag_control/synthesis/jtag_control.v Line: 25
Info (12128): Elaborating entity "altsource_probe" for hierarchy "jtag_control:u_jtag_control|altsource_probe_top:in_system_sources_probes_0|altsource_probe:issp_impl" File: C:/FPGA/DDC_Board_Project/jtag_control/synthesis/submodules/altsource_probe_top.v Line: 55
Info (12130): Elaborated megafunction instantiation "jtag_control:u_jtag_control|altsource_probe_top:in_system_sources_probes_0|altsource_probe:issp_impl" File: C:/FPGA/DDC_Board_Project/jtag_control/synthesis/submodules/altsource_probe_top.v Line: 55
Info (12133): Instantiated megafunction "jtag_control:u_jtag_control|altsource_probe_top:in_system_sources_probes_0|altsource_probe:issp_impl" with the following parameter: File: C:/FPGA/DDC_Board_Project/jtag_control/synthesis/submodules/altsource_probe_top.v Line: 55
    Info (12134): Parameter "lpm_type" = "altsource_probe"
    Info (12134): Parameter "lpm_hint" = "UNUSED"
    Info (12134): Parameter "sld_auto_instance_index" = "YES"
    Info (12134): Parameter "sld_instance_index" = "0"
    Info (12134): Parameter "SLD_NODE_INFO" = "4746752"
    Info (12134): Parameter "sld_ir_width" = "4"
    Info (12134): Parameter "instance_id" = "JIO0"
    Info (12134): Parameter "probe_width" = "16"
    Info (12134): Parameter "source_width" = "10"
    Info (12134): Parameter "source_initial_value" = "0"
    Info (12134): Parameter "enable_metastability" = "YES"
Info (12128): Elaborating entity "sld_jtag_endpoint_adapter" for hierarchy "jtag_control:u_jtag_control|altsource_probe_top:in_system_sources_probes_0|altsource_probe:issp_impl|sld_jtag_endpoint_adapter:jtag_signal_adapter" File: c:/altera_lite/25.1std/quartus/libraries/megafunctions/altsource_probe.v Line: 169
Info (12128): Elaborating entity "sld_jtag_endpoint_adapter_impl" for hierarchy "jtag_control:u_jtag_control|altsource_probe_top:in_system_sources_probes_0|altsource_probe:issp_impl|sld_jtag_endpoint_adapter:jtag_signal_adapter|sld_jtag_endpoint_adapter_impl:sld_jtag_endpoint_adapter_impl_inst" File: c:/altera_lite/25.1std/quartus/libraries/megafunctions/sld_jtag_endpoint_adapter.vhd Line: 232
Info (12128): Elaborating entity "altsource_probe_body" for hierarchy "jtag_control:u_jtag_control|altsource_probe_top:in_system_sources_probes_0|altsource_probe:issp_impl|altsource_probe_body:altsource_probe_body_inst" File: c:/altera_lite/25.1std/quartus/libraries/megafunctions/altsource_probe.v Line: 205
Info (12128): Elaborating entity "altsource_probe_impl" for hierarchy "jtag_control:u_jtag_control|altsource_probe_top:in_system_sources_probes_0|altsource_probe:issp_impl|altsource_probe_body:altsource_probe_body_inst|altsource_probe_impl:\wider_probe_gen:wider_probe_inst" File: c:/altera_lite/25.1std/quartus/libraries/megafunctions/altsource_probe_body.vhd Line: 508
Info (12128): Elaborating entity "sld_rom_sr" for hierarchy "jtag_control:u_jtag_control|altsource_probe_top:in_system_sources_probes_0|altsource_probe:issp_impl|altsource_probe_body:altsource_probe_body_inst|altsource_probe_impl:\wider_probe_gen:wider_probe_inst|sld_rom_sr:\instance_id_gen:rom_info_inst" File: c:/altera_lite/25.1std/quartus/libraries/megafunctions/altsource_probe_body.vhd Line: 756
Info (12128): Elaborating entity "sample_tick" for hierarchy "sample_tick:u_sample_tick" File: C:/FPGA/DDC_Board_Project/DDC_Board_Project.v Line: 59
Info (12128): Elaborating entity "test_signal" for hierarchy "test_signal:u_test_signal" File: C:/FPGA/DDC_Board_Project/DDC_Board_Project.v Line: 67
Info (12128): Elaborating entity "nco_phase" for hierarchy "nco_phase:u_nco_phase" File: C:/FPGA/DDC_Board_Project/DDC_Board_Project.v Line: 75
Warning (10230): Verilog HDL assignment warning at nco_phase.v(19): truncated value with size 8 to match size of target (7) File: C:/FPGA/DDC_Board_Project/output_files/nco_phase.v Line: 19
Info (12128): Elaborating entity "nco_lut" for hierarchy "nco_lut:u_nco_lut" File: C:/FPGA/DDC_Board_Project/DDC_Board_Project.v Line: 81
Info (12128): Elaborating entity "iq_mixer" for hierarchy "iq_mixer:u_iq_mixer" File: C:/FPGA/DDC_Board_Project/DDC_Board_Project.v Line: 89
Warning (10230): Verilog HDL assignment warning at iq_mixer.v(18): truncated value with size 32 to match size of target (16) File: C:/FPGA/DDC_Board_Project/output_files/iq_mixer.v Line: 18
Warning (10230): Verilog HDL assignment warning at iq_mixer.v(19): truncated value with size 32 to match size of target (16) File: C:/FPGA/DDC_Board_Project/output_files/iq_mixer.v Line: 19
Info (12128): Elaborating entity "fir_lowpass" for hierarchy "fir_lowpass:u_filter_i" File: C:/FPGA/DDC_Board_Project/DDC_Board_Project.v Line: 98
Info (11170): Starting IP generation for the debug fabric: alt_sld_fab.
Info (11172): 2026.10.04.13:45:07 Progress: Loading sld830fe34f/alt_sld_fab_wrapper_hw.tcl
Info (11172): Alt_sld_fab.alt_sld_fab: SLD fabric agents which did not specify prefer_host were connected to JTAG
Info (11172): Alt_sld_fab: Generating "alt_sld_fab" for QUARTUS_SYNTH
Info (11172): Alt_sld_fab: "alt_sld_fab" instantiated alt_sld_fab "alt_sld_fab"
Info (11172): Presplit: "alt_sld_fab" instantiated altera_super_splitter "presplit"
Info (11172): Splitter: "alt_sld_fab" instantiated altera_sld_splitter "splitter"
Info (11172): Sldfabric: "alt_sld_fab" instantiated altera_sld_jtag_hub "sldfabric"
Info (11172): Ident: "alt_sld_fab" instantiated altera_connection_identification_hub "ident"
Info (11172): Alt_sld_fab: Done "alt_sld_fab" with 6 modules, 6 files
Info (11171): Finished IP generation for the debug fabric: alt_sld_fab.
Info (12021): Found 1 design units, including 1 entities, in source file db/ip/sld830fe34f/alt_sld_fab.v
    Info (12023): Found entity 1: alt_sld_fab File: C:/FPGA/DDC_Board_Project/db/ip/sld830fe34f/alt_sld_fab.v Line: 9
Info (12021): Found 1 design units, including 1 entities, in source file db/ip/sld830fe34f/submodules/alt_sld_fab_alt_sld_fab.v
    Info (12023): Found entity 1: alt_sld_fab_alt_sld_fab File: C:/FPGA/DDC_Board_Project/db/ip/sld830fe34f/submodules/alt_sld_fab_alt_sld_fab.v Line: 9
Info (12021): Found 1 design units, including 1 entities, in source file db/ip/sld830fe34f/submodules/alt_sld_fab_alt_sld_fab_ident.sv
    Info (12023): Found entity 1: alt_sld_fab_alt_sld_fab_ident File: C:/FPGA/DDC_Board_Project/db/ip/sld830fe34f/submodules/alt_sld_fab_alt_sld_fab_ident.sv Line: 33
Info (12021): Found 1 design units, including 1 entities, in source file db/ip/sld830fe34f/submodules/alt_sld_fab_alt_sld_fab_presplit.sv
    Info (12023): Found entity 1: alt_sld_fab_alt_sld_fab_presplit File: C:/FPGA/DDC_Board_Project/db/ip/sld830fe34f/submodules/alt_sld_fab_alt_sld_fab_presplit.sv Line: 3
Info (12021): Found 2 design units, including 1 entities, in source file db/ip/sld830fe34f/submodules/alt_sld_fab_alt_sld_fab_sldfabric.vhd
    Info (12022): Found design unit 1: alt_sld_fab_alt_sld_fab_sldfabric-rtl File: C:/FPGA/DDC_Board_Project/db/ip/sld830fe34f/submodules/alt_sld_fab_alt_sld_fab_sldfabric.vhd Line: 102
    Info (12023): Found entity 1: alt_sld_fab_alt_sld_fab_sldfabric File: C:/FPGA/DDC_Board_Project/db/ip/sld830fe34f/submodules/alt_sld_fab_alt_sld_fab_sldfabric.vhd Line: 11
Info (12021): Found 1 design units, including 1 entities, in source file db/ip/sld830fe34f/submodules/alt_sld_fab_alt_sld_fab_splitter.sv
    Info (12023): Found entity 1: alt_sld_fab_alt_sld_fab_splitter File: C:/FPGA/DDC_Board_Project/db/ip/sld830fe34f/submodules/alt_sld_fab_alt_sld_fab_splitter.sv Line: 3
Warning (276020): Inferred RAM node "capture_i_rtl_0" from synchronous design logic.  Pass-through logic has been added to match the read-during-write behavior of the original design.
Warning (276020): Inferred RAM node "capture_q_rtl_0" from synchronous design logic.  Pass-through logic has been added to match the read-during-write behavior of the original design.
Info (19000): Inferred 2 megafunctions from design logic
    Info (276029): Inferred altsyncram megafunction from the following design logic: "capture_i_rtl_0" 
        Info (286033): Parameter OPERATION_MODE set to DUAL_PORT
        Info (286033): Parameter WIDTH_A set to 16
        Info (286033): Parameter WIDTHAD_A set to 4
        Info (286033): Parameter NUMWORDS_A set to 16
        Info (286033): Parameter WIDTH_B set to 16
        Info (286033): Parameter WIDTHAD_B set to 4
        Info (286033): Parameter NUMWORDS_B set to 16
        Info (286033): Parameter ADDRESS_ACLR_A set to NONE
        Info (286033): Parameter OUTDATA_REG_B set to UNREGISTERED
        Info (286033): Parameter ADDRESS_ACLR_B set to NONE
        Info (286033): Parameter OUTDATA_ACLR_B set to NONE
        Info (286033): Parameter ADDRESS_REG_B set to CLOCK0
        Info (286033): Parameter INDATA_ACLR_A set to NONE
        Info (286033): Parameter WRCONTROL_ACLR_A set to NONE
    Info (276029): Inferred altsyncram megafunction from the following design logic: "capture_q_rtl_0" 
        Info (286033): Parameter OPERATION_MODE set to DUAL_PORT
        Info (286033): Parameter WIDTH_A set to 16
        Info (286033): Parameter WIDTHAD_A set to 4
        Info (286033): Parameter NUMWORDS_A set to 16
        Info (286033): Parameter WIDTH_B set to 16
        Info (286033): Parameter WIDTHAD_B set to 4
        Info (286033): Parameter NUMWORDS_B set to 16
        Info (286033): Parameter ADDRESS_ACLR_A set to NONE
        Info (286033): Parameter OUTDATA_REG_B set to UNREGISTERED
        Info (286033): Parameter ADDRESS_ACLR_B set to NONE
        Info (286033): Parameter OUTDATA_ACLR_B set to NONE
        Info (286033): Parameter ADDRESS_REG_B set to CLOCK0
        Info (286033): Parameter INDATA_ACLR_A set to NONE
        Info (286033): Parameter WRCONTROL_ACLR_A set to NONE
Info (278001): Inferred 2 megafunctions from design logic
    Info (278003): Inferred multiplier megafunction ("lpm_mult") from the following logic: "iq_mixer:u_iq_mixer|Mult0" File: C:/FPGA/DDC_Board_Project/output_files/iq_mixer.v Line: 13
    Info (278003): Inferred multiplier megafunction ("lpm_mult") from the following logic: "iq_mixer:u_iq_mixer|Mult1" File: C:/FPGA/DDC_Board_Project/output_files/iq_mixer.v Line: 14
Info (12130): Elaborated megafunction instantiation "altsyncram:capture_i_rtl_0"
Info (12133): Instantiated megafunction "altsyncram:capture_i_rtl_0" with the following parameter:
    Info (12134): Parameter "OPERATION_MODE" = "DUAL_PORT"
    Info (12134): Parameter "WIDTH_A" = "16"
    Info (12134): Parameter "WIDTHAD_A" = "4"
    Info (12134): Parameter "NUMWORDS_A" = "16"
    Info (12134): Parameter "WIDTH_B" = "16"
    Info (12134): Parameter "WIDTHAD_B" = "4"
    Info (12134): Parameter "NUMWORDS_B" = "16"
    Info (12134): Parameter "ADDRESS_ACLR_A" = "NONE"
    Info (12134): Parameter "OUTDATA_REG_B" = "UNREGISTERED"
    Info (12134): Parameter "ADDRESS_ACLR_B" = "NONE"
    Info (12134): Parameter "OUTDATA_ACLR_B" = "NONE"
    Info (12134): Parameter "ADDRESS_REG_B" = "CLOCK0"
    Info (12134): Parameter "INDATA_ACLR_A" = "NONE"
    Info (12134): Parameter "WRCONTROL_ACLR_A" = "NONE"
Info (12021): Found 1 design units, including 1 entities, in source file db/altsyncram_inb1.tdf
    Info (12023): Found entity 1: altsyncram_inb1 File: C:/FPGA/DDC_Board_Project/db/altsyncram_inb1.tdf Line: 28
Info (12130): Elaborated megafunction instantiation "iq_mixer:u_iq_mixer|lpm_mult:Mult0" File: C:/FPGA/DDC_Board_Project/output_files/iq_mixer.v Line: 13
Info (12133): Instantiated megafunction "iq_mixer:u_iq_mixer|lpm_mult:Mult0" with the following parameter: File: C:/FPGA/DDC_Board_Project/output_files/iq_mixer.v Line: 13
    Info (12134): Parameter "LPM_WIDTHA" = "15"
    Info (12134): Parameter "LPM_WIDTHB" = "16"
    Info (12134): Parameter "LPM_WIDTHP" = "31"
    Info (12134): Parameter "LPM_WIDTHR" = "31"
    Info (12134): Parameter "LPM_WIDTHS" = "1"
    Info (12134): Parameter "LPM_REPRESENTATION" = "SIGNED"
    Info (12134): Parameter "INPUT_A_IS_CONSTANT" = "NO"
    Info (12134): Parameter "INPUT_B_IS_CONSTANT" = "NO"
    Info (12134): Parameter "MAXIMIZE_SPEED" = "5"
Info (12021): Found 1 design units, including 1 entities, in source file db/mult_ngs.tdf
    Info (12023): Found entity 1: mult_ngs File: C:/FPGA/DDC_Board_Project/db/mult_ngs.tdf Line: 29
Info (12130): Elaborated megafunction instantiation "iq_mixer:u_iq_mixer|lpm_mult:Mult1" File: C:/FPGA/DDC_Board_Project/output_files/iq_mixer.v Line: 14
Info (12133): Instantiated megafunction "iq_mixer:u_iq_mixer|lpm_mult:Mult1" with the following parameter: File: C:/FPGA/DDC_Board_Project/output_files/iq_mixer.v Line: 14
    Info (12134): Parameter "LPM_WIDTHA" = "15"
    Info (12134): Parameter "LPM_WIDTHB" = "16"
    Info (12134): Parameter "LPM_WIDTHP" = "31"
    Info (12134): Parameter "LPM_WIDTHR" = "31"
    Info (12134): Parameter "LPM_WIDTHS" = "1"
    Info (12134): Parameter "LPM_REPRESENTATION" = "SIGNED"
    Info (12134): Parameter "INPUT_A_IS_CONSTANT" = "NO"
    Info (12134): Parameter "INPUT_B_IS_CONSTANT" = "NO"
    Info (12134): Parameter "MAXIMIZE_SPEED" = "5"
Warning (12241): 1 hierarchies have connectivity warnings - see the Connectivity Checks report folder
Warning (13024): Output pins are stuck at VCC or GND
    Warning (13410): Pin "LEDR[5]" is stuck at GND File: C:/FPGA/DDC_Board_Project/DDC_Board_Project.v Line: 5
    Warning (13410): Pin "LEDR[6]" is stuck at GND File: C:/FPGA/DDC_Board_Project/DDC_Board_Project.v Line: 5
    Warning (13410): Pin "LEDR[7]" is stuck at GND File: C:/FPGA/DDC_Board_Project/DDC_Board_Project.v Line: 5
    Warning (13410): Pin "LEDR[8]" is stuck at GND File: C:/FPGA/DDC_Board_Project/DDC_Board_Project.v Line: 5
    Warning (13410): Pin "LEDR[9]" is stuck at GND File: C:/FPGA/DDC_Board_Project/DDC_Board_Project.v Line: 5
Info (286031): Timing-Driven Synthesis is running on partition "Top"
Info (17049): 4 registers lost all their fanouts during netlist optimizations.
Info (16010): Generating hard_block partition "hard_block:auto_generated_inst"
    Info (16011): Adding 0 node(s), including 0 DDIO, 0 PLL, 0 transceiver and 0 LCELL
Warning (21074): Design contains 10 input pin(s) that do not drive logic
    Warning (15610): No output dependent on input pin "SW[0]" File: C:/FPGA/DDC_Board_Project/DDC_Board_Project.v Line: 3
    Warning (15610): No output dependent on input pin "SW[1]" File: C:/FPGA/DDC_Board_Project/DDC_Board_Project.v Line: 3
    Warning (15610): No output dependent on input pin "SW[2]" File: C:/FPGA/DDC_Board_Project/DDC_Board_Project.v Line: 3
    Warning (15610): No output dependent on input pin "SW[3]" File: C:/FPGA/DDC_Board_Project/DDC_Board_Project.v Line: 3
    Warning (15610): No output dependent on input pin "SW[4]" File: C:/FPGA/DDC_Board_Project/DDC_Board_Project.v Line: 3
    Warning (15610): No output dependent on input pin "SW[5]" File: C:/FPGA/DDC_Board_Project/DDC_Board_Project.v Line: 3
    Warning (15610): No output dependent on input pin "SW[6]" File: C:/FPGA/DDC_Board_Project/DDC_Board_Project.v Line: 3
    Warning (15610): No output dependent on input pin "SW[7]" File: C:/FPGA/DDC_Board_Project/DDC_Board_Project.v Line: 3
    Warning (15610): No output dependent on input pin "SW[8]" File: C:/FPGA/DDC_Board_Project/DDC_Board_Project.v Line: 3
    Warning (15610): No output dependent on input pin "SW[9]" File: C:/FPGA/DDC_Board_Project/DDC_Board_Project.v Line: 3
Info (21057): Implemented 1653 device resources after synthesis - the final resource count might be different
    Info (21058): Implemented 14 input pins
    Info (21059): Implemented 11 output pins
    Info (21061): Implemented 1591 logic cells
    Info (21064): Implemented 32 RAM segments
    Info (21062): Implemented 4 DSP elements
Info: Quartus Prime Analysis & Synthesis was successful. 0 errors, 24 warnings
    Info: Peak virtual memory: 4960 megabytes
    Info: Processing ended: Sun Oct  4 13:45:48 2026
    Info: Elapsed time: 00:02:05
    Info: Total CPU time (on all processors): 00:02:58


